,MAGISTRADO,DE,ATÉ,UNIDADE,TIPO
0,ADALBERTO ELLERY BARREIRA NETO,07/01/2024,21/01/2024,VT DE LIMOEIRO DO NORTE,Juiz Substituto
1,ADALBERTO ELLERY BARREIRA NETO,11/02/2024,18/02/2024,16a VT DE FORTALEZA,Juiz Substituto
2,ADALBERTO ELLERY BARREIRA NETO,19/02/2024,09/03/2024,06a VT DE FORTALEZA,Juiz no Exercício da Titularidade
3,ADALBERTO ELLERY BARREIRA NETO,10/03/2024,31/03/2024,06a VT DE FORTALEZA,Juiz Vinculado
4,ADALBERTO ELLERY BARREIRA NETO,01/04/2024,09/04/2024,06a VT DE FORTALEZA,Juiz Vinculado
5,ADALBERTO ELLERY BARREIRA NETO,10/04/2024,10/04/2024,VT DE QUIXADA,Juiz no Exercício da Titularidade
6,ADALBERTO ELLERY BARREIRA NETO,11/04/2024,30/04/2024,06a VT DE FORTALEZA,Juiz Vinculado
7,ADALBERTO ELLERY BARREIRA NETO,05/05/2024,06/05/2024,06a VT DE FORTALEZA,Juiz Vinculado
8,ADALBERTO ELLERY BARREIRA NETO,09/05/2024,20/05/2024,06a VT DE FORTALEZA,Juiz Vinculado
9,ADALBERTO ELLERY BARREIRA NETO,16/05/2024,04/06/2024,VT DE BATURITE,Juiz no Exercício da Titularidade
10,ADALBERTO ELLERY BARREIRA NETO,21/05/2024,22/05/2024,12a VT DE FORTALEZA,Juiz no Exercício da Titularidade
11,ADALBERTO ELLERY BARREIRA NETO,23/05/2024,31/05/2024,06a VT DE FORTALEZA,Juiz Vinculado
12,ADALBERTO ELLERY BARREIRA NETO,01/06/2024,23/06/2024,06a VT DE FORTALEZA,Juiz Vinculado
13,ADALBERTO ELLERY BARREIRA NETO,14/07/2024,16/07/2024,06a VT DE FORTALEZA,Juiz Vinculado
14,ADALBERTO ELLERY BARREIRA NETO,17/07/2024,17/07/2024,12a VT DE FORTALEZA,Juiz Substituto
15,ADALBERTO ELLERY BARREIRA NETO,18/07/2024,31/07/2024,06a VT DE FORTALEZA,Juiz Vinculado
16,ADALBERTO ELLERY BARREIRA NETO,22/07/2024,10/08/2024,VT DE CRATEUS,Juiz no Exercício da Titularidade
17,ADALBERTO ELLERY BARREIRA NETO,01/08/2024,11/08/2024,06a VT DE FORTALEZA,Juiz Vinculado
18,ADALBERTO ELLERY BARREIRA NETO,12/08/2024,12/08/2024,06a VT DE FORTALEZA,Juiz no Exercício da Titularidade
19,ADALBERTO ELLERY BARREIRA NETO,13/08/2024,31/08/2024,06a VT DE FORTALEZA,Juiz Vinculado
20,ADALBERTO ELLERY BARREIRA NETO,01/09/2024,18/09/2024,06a VT DE FORTALEZA,Juiz Vinculado
21,ADALBERTO ELLERY BARREIRA NETO,21/09/2024,27/09/2024,06a VT DE FORTALEZA,Juiz Vinculado
22,ADALBERTO ELLERY BARREIRA NETO,28/09/2024,07/10/2024,06a VT DE FORTALEZA,Juiz no Exercício da Titularidade
23,ADALBERTO ELLERY BARREIRA NETO,08/10/2024,09/10/2024,01a VT DA REGIÃO DO CARIRI,Juiz no Exercício da Titularidade
24,ADALBERTO ELLERY BARREIRA NETO,10/10/2024,15/10/2024,01a VT DA REGIÃO DO CARIRI,Juiz Substituto
25,ADALBERTO ELLERY BARREIRA NETO,14/10/2024,16/10/2024,02a VT DA REGIÃO DO CARIRI,Juiz no Exercício da Titularidade
26,ADALBERTO ELLERY BARREIRA NETO,16/10/2024,16/10/2024,15a VT DE FORTALEZA,Juiz no Exercício da Titularidade
27,ADALBERTO ELLERY BARREIRA NETO,17/10/2024,20/10/2024,VT DE IGUATU,Juiz Substituto
28,ADALBERTO ELLERY BARREIRA NETO,18/10/2024,21/10/2024,02a VT DA REGIÃO DO CARIRI,Juiz no Exercício da Titularidade
29,ADALBERTO ELLERY BARREIRA NETO,21/10/2024,27/10/2024,01a VT DE SOBRAL,Juiz Substituto
30,ADALBERTO ELLERY BARREIRA NETO,28/10/2024,31/10/2024,VT DE EUSÉBIO,Juiz Substituto
31,ALDENORA MARIA DE SOUZA SIQUEIRA,10/03/1989,19/02/2024,16a VT DE FORTALEZA,Magistrado Titular
32,ALEXANDRE FRANCO VIEIRA,01/08/2024,01/08/2024,01a VT DE FORTALEZA,Juiz Substituto
33,ALEXANDRE FRANCO VIEIRA,02/08/2024,05/08/2024,VT DE TIANGUÁ,Juiz Substituto
34,ALEXANDRE FRANCO VIEIRA,06/08/2024,10/08/2024,VT DE IGUATU,Juiz no Exercício da Titularidade
35,ALEXANDRE FRANCO VIEIRA,11/08/2024,13/08/2024,01a VT DE MARACANAÚ,Juiz Substituto
36,ALEXANDRE FRANCO VIEIRA,14/08/2024,18/08/2024,VT DE PACAJUS,Juiz Substituto
37,ALEXANDRE FRANCO VIEIRA,19/08/2024,19/08/2024,14a VT DE FORTALEZA,Juiz Substituto
38,ALEXANDRE FRANCO VIEIRA,20/08/2024,25/08/2024,VT DE IGUATU,Juiz Substituto
39,ALEXANDRE FRANCO VIEIRA,26/08/2024,31/08/2024,VT DE SÃO GONÇALO DO AMARANTE,Juiz Substituto
40,ALEXANDRE FRANCO VIEIRA,01/09/2024,02/09/2024,04a VT DE FORTALEZA,Juiz Substituto
41,ALEXANDRE FRANCO VIEIRA,03/09/2024,03/09/2024,12a VT DE FORTALEZA,Juiz Substituto
42,ALEXANDRE FRANCO VIEIRA,04/09/2024,08/09/2024,04a VT DE FORTALEZA,Juiz Substituto
43,ALEXANDRE FRANCO VIEIRA,09/09/2024,09/09/2024,01a VT DE CAUCAIA,Juiz Substituto
44,ALEXANDRE FRANCO VIEIRA,10/09/2024,10/09/2024,12a VT DE FORTALEZA,Juiz Substituto
45,ALEXANDRE FRANCO VIEIRA,11/09/2024,16/09/2024,VT DE SÃO GONÇALO DO AMARANTE,Juiz Substituto
46,ALEXANDRE FRANCO VIEIRA,12/09/2024,16/09/2024,01a VT DA REGIÃO DO CARIRI,Juiz no Exercício da Titularidade
47,ALEXANDRE FRANCO VIEIRA,17/09/2024,17/09/2024,VT DE PACAJUS,Juiz no Exercício da Titularidade
48,ALEXANDRE FRANCO VIEIRA,18/09/2024,18/09/2024,12a VT DE FORTALEZA,Juiz Substituto
49,ALEXANDRE FRANCO VIEIRA,19/09/2024,19/09/2024,04a VT DE FORTALEZA,Juiz Substituto
50,ALEXANDRE FRANCO VIEIRA,20/09/2024,07/10/2024,01a VT DA REGIÃO DO CARIRI,Juiz no Exercício da Titularidade
51,ALEXANDRE FRANCO VIEIRA,23/09/2024,23/09/2024,02a VT DE MARACANAÚ,Juiz Substituto
52,ALEXANDRE FRANCO VIEIRA,08/10/2024,14/10/2024,06a VT DE FORTALEZA,Juiz no Exercício da Titularidade
53,ALEXANDRE FRANCO VIEIRA,15/10/2024,15/10/2024,01a VT DE MARACANAÚ,Juiz Substituto
54,ALEXANDRE FRANCO VIEIRA,16/10/2024,20/10/2024,12a VT DE FORTALEZA,Juiz Substituto
55,ALEXANDRE FRANCO VIEIRA,21/10/2024,23/10/2024,12a VT DE FORTALEZA,Juiz no Exercício da Titularidade
56,ALEXANDRE FRANCO VIEIRA,24/10/2024,27/10/2024,12a VT DE FORTALEZA,Juiz Substituto
57,ALEXANDRE FRANCO VIEIRA,28/10/2024,31/10/2024,VT DE SÃO GONÇALO DO AMARANTE,Juiz Substituto
58,ANA CAROLINE BENTO MACIEL FREITAS,07/01/2024,31/01/2024,01a VT DE MARACANAÚ,Juiz Vinculado
59,ANA CAROLINE BENTO MACIEL FREITAS,01/02/2024,04/02/2024,01a VT DE MARACANAÚ,Juiz Vinculado
60,ANA CAROLINE BENTO MACIEL FREITAS,10/02/2024,20/02/2024,01a VT DE MARACANAÚ,Juiz Vinculado
61,ANA CAROLINE BENTO MACIEL FREITAS,21/02/2024,21/03/2024,VT DE IGUATU,Juiz no Exercício da Titularidade
62,ANA CAROLINE BENTO MACIEL FREITAS,22/03/2024,25/03/2024,01a VT DE MARACANAÚ,Juiz Vinculado
63,ANA CAROLINE BENTO MACIEL FREITAS,26/03/2024,26/03/2024,01a VT DE MARACANAÚ,Juiz no Exercício da Titularidade
64,ANA CAROLINE BENTO MACIEL FREITAS,27/03/2024,31/03/2024,01a VT DE MARACANAÚ,Juiz Vinculado
65,ANA CAROLINE BENTO MACIEL FREITAS,01/04/2024,02/04/2024,01a VT DE MARACANAÚ,Juiz Vinculado
66,ANA CAROLINE BENTO MACIEL FREITAS,03/04/2024,03/04/2024,VT DE QUIXADA,Juiz no Exercício da Titularidade
67,ANA CAROLINE BENTO MACIEL FREITAS,04/04/2024,30/04/2024,01a VT DE MARACANAÚ,Juiz Vinculado
68,ANA CAROLINE BENTO MACIEL FREITAS,01/05/2024,21/05/2024,01a VT DE MARACANAÚ,Juiz Vinculado
69,ANA CAROLINE BENTO MACIEL FREITAS,22/05/2024,24/05/2024,01a VT DE MARACANAÚ,Juiz no Exercício da Titularidade
70,ANA CAROLINE BENTO MACIEL FREITAS,25/05/2024,31/05/2024,01a VT DE MARACANAÚ,Juiz Vinculado
71,ANA CAROLINE BENTO MACIEL FREITAS,01/06/2024,05/06/2024,01a VT DE MARACANAÚ,Juiz Vinculado
72,ANA CAROLINE BENTO MACIEL FREITAS,06/06/2024,06/06/2024,08a VT DE FORTALEZA,Juiz Substituto
73,ANA CAROLINE BENTO MACIEL FREITAS,07/06/2024,26/06/2024,01a VT DE MARACANAÚ,Juiz Vinculado
74,ANA CAROLINE BENTO MACIEL FREITAS,27/06/2024,16/07/2024,01a VT DE MARACANAÚ,Juiz no Exercício da Titularidade
75,ANA CAROLINE BENTO MACIEL FREITAS,16/08/2024,31/08/2024,01a VT DE MARACANAÚ,Juiz Vinculado
76,ANA CAROLINE BENTO MACIEL FREITAS,01/09/2024,15/09/2024,01a VT DE MARACANAÚ,Juiz Vinculado
77,ANA CAROLINE BENTO MACIEL FREITAS,16/10/2024,20/10/2024,01a VT DE MARACANAÚ,Juiz Vinculado
78,ANA CAROLINE BENTO MACIEL FREITAS,21/10/2024,29/10/2024,03a VT DA REGIÃO DO CARIRI,Juiz no Exercício da Titularidade
79,ANA CAROLINE BENTO MACIEL FREITAS,31/10/2024,09/11/2024,03a VT DA REGIÃO DO CARIRI,Juiz no Exercício da Titularidade
80,ANA PAULA BARROSO SOBREIRA PINHEIRO,07/01/2024,09/01/2024,12a VT DE FORTALEZA,Juiz no Exercício da Titularidade
81,ANA PAULA BARROSO SOBREIRA PINHEIRO,10/01/2024,31/01/2024,12a VT DE FORTALEZA,Juiz Substituto
82,ANA PAULA BARROSO SOBREIRA PINHEIRO,01/02/2024,18/02/2024,12a VT DE FORTALEZA,Juiz Substituto
83,ANA PAULA BARROSO SOBREIRA PINHEIRO,19/02/2024,29/02/2024,03a VT DE FORTALEZA,Juiz Vinculado
84,ANA PAULA BARROSO SOBREIRA PINHEIRO,01/03/2024,31/03/2024,03a VT DE FORTALEZA,Juiz Vinculado
85,ANA PAULA BARROSO SOBREIRA PINHEIRO,04/03/2024,04/03/2024,01a VT DE MARACANAÚ,Juiz no Exercício da Titularidade
86,ANA PAULA BARROSO SOBREIRA PINHEIRO,01/04/2024,09/04/2024,03a VT DE FORTALEZA,Juiz Vinculado
87,ANA PAULA BARROSO SOBREIRA PINHEIRO,11/04/2024,20/04/2024,03a VT DE FORTALEZA,Juiz Vinculado
88,ANA PAULA BARROSO SOBREIRA PINHEIRO,21/04/2024,30/04/2024,02a VT DA REGIÃO DO CARIRI,Juiz no Exercício da Titularidade
89,ANA PAULA BARROSO SOBREIRA PINHEIRO,05/05/2024,05/05/2024,02a VT DA REGIÃO DO CARIRI,Juiz no Exercício da Titularidade
90,ANA PAULA BARROSO SOBREIRA PINHEIRO,06/05/2024,06/05/2024,02a VT DA REGIÃO DO CARIRI,Juiz Substituto
91,ANA PAULA BARROSO SOBREIRA PINHEIRO,07/05/2024,20/05/2024,02a VT DA REGIÃO DO CARIRI,Juiz no Exercício da Titularidade
92,ANA PAULA BARROSO SOBREIRA PINHEIRO,16/05/2024,16/05/2024,12a VT DE FORTALEZA,Juiz Substituto
93,ANA PAULA BARROSO SOBREIRA PINHEIRO,21/05/2024,31/05/2024,03a VT DE FORTALEZA,Juiz Vinculado
94,ANA PAULA BARROSO SOBREIRA PINHEIRO,28/05/2024,01/06/2024,03a VT DA REGIÃO DO CARIRI,Juiz no Exercício da Titularidade
95,ANA PAULA BARROSO SOBREIRA PINHEIRO,01/06/2024,04/06/2024,12a VT DE FORTALEZA,Juiz no Exercício da Titularidade
96,ANA PAULA BARROSO SOBREIRA PINHEIRO,05/06/2024,16/06/2024,12a VT DE FORTALEZA,Juiz Vinculado
97,ANA PAULA BARROSO SOBREIRA PINHEIRO,07/07/2024,31/07/2024,12a VT DE FORTALEZA,Juiz Vinculado
98,ANA PAULA BARROSO SOBREIRA PINHEIRO,01/08/2024,31/08/2024,12a VT DE FORTALEZA,Juiz Vinculado
99,ANA PAULA BARROSO SOBREIRA PINHEIRO,01/09/2024,18/09/2024,12a VT DE FORTALEZA,Juiz Vinculado
100,ANA PAULA BARROSO SOBREIRA PINHEIRO,19/09/2024,08/10/2024,12a VT DE FORTALEZA,Juiz no Exercício da Titularidade
101,ANA PAULA BARROSO SOBREIRA PINHEIRO,09/10/2024,13/10/2024,12a VT DE FORTALEZA,Juiz Vinculado
102,ANDRE BRAGA BARRETO,28/04/2022,01/01/2051,CENTRO JUDICIARIO DE METODOS CONSENSUAIS DE SOLUÇOES DE DISPUTAS DE 1o GRAU,Juiz no Exercício da Titularidade
103,ANDRE BRAGA BARRETO,07/01/2024,19/01/2024,02a VT DA REGIÃO DO CARIRI,Juiz Substituto
104,ANDRE BRAGA BARRETO,07/02/2024,14/02/2024,03a VT DE FORTALEZA,Juiz Substituto
105,ANDRE BRAGA BARRETO,15/02/2024,18/02/2024,07a VT DE FORTALEZA,Juiz Substituto
106,ANDRE BRAGA BARRETO,24/02/2024,29/02/2024,02a VT DE FORTALEZA,Juiz Vinculado
107,ANDRE BRAGA BARRETO,01/03/2024,03/03/2024,02a VT DE FORTALEZA,Juiz Vinculado
108,ANDRE BRAGA BARRETO,04/03/2024,06/03/2024,02a VT DE FORTALEZA,Juiz no Exercício da Titularidade
109,ANDRE BRAGA BARRETO,07/03/2024,21/03/2024,02a VT DE FORTALEZA,Juiz Vinculado
110,ANDRE BRAGA BARRETO,23/03/2024,31/03/2024,02a VT DE FORTALEZA,Juiz Vinculado
111,ANDRE BRAGA BARRETO,01/04/2024,10/04/2024,02a VT DE FORTALEZA,Juiz Vinculado
112,ANDRE BRAGA BARRETO,11/04/2024,11/04/2024,VT DE QUIXADA,Juiz no Exercício da Titularidade
113,ANDRE BRAGA BARRETO,12/04/2024,30/04/2024,02a VT DE FORTALEZA,Juiz Vinculado
114,ANDRE BRAGA BARRETO,01/05/2024,28/05/2024,VT DE ARACATI,Juiz no Exercício da Titularidade
115,ANDRE BRAGA BARRETO,03/05/2024,03/05/2024,16a VT DE FORTALEZA,Juiz Substituto
116,ANDRE BRAGA BARRETO,13/05/2024,13/05/2024,02a VT DE FORTALEZA,Juiz Vinculado
117,ANDRE BRAGA BARRETO,29/05/2024,31/05/2024,02a VT DE FORTALEZA,Juiz Vinculado
118,ANDRE BRAGA BARRETO,01/06/2024,10/06/2024,03a VT DE FORTALEZA,Juiz Vinculado
119,ANDRE BRAGA BARRETO,11/06/2024,11/06/2024,08a VT DE FORTALEZA,Juiz Substituto
120,ANDRE BRAGA BARRETO,12/06/2024,30/06/2024,03a VT DE FORTALEZA,Juiz Vinculado
121,ANDRE BRAGA BARRETO,26/06/2024,28/06/2024,12a VT DE FORTALEZA,Juiz no Exercício da Titularidade
122,ANDRE BRAGA BARRETO,01/07/2024,14/07/2024,03a VT DE FORTALEZA,Juiz Vinculado
123,ANDRE BRAGA BARRETO,15/07/2024,03/08/2024,03a VT DE FORTALEZA,Juiz no Exercício da Titularidade
124,ANDRE BRAGA BARRETO,04/08/2024,31/08/2024,03a VT DE FORTALEZA,Juiz Vinculado
125,ANDRE BRAGA BARRETO,01/09/2024,30/09/2024,03a VT DE FORTALEZA,Juiz Vinculado
126,ANDRE BRAGA BARRETO,21/10/2024,21/10/2024,03a VT DE FORTALEZA,Juiz Vinculado
127,ANDRE BRAGA BARRETO,22/10/2024,10/11/2024,VT DE IGUATU,Juiz no Exercício da Titularidade
128,ANDRE ESTEVES DE CARVALHO,25/07/2023,01/01/2051,VT DE SÃO GONÇALO DO AMARANTE,Magistrado Titular
129,ANTONIO CELIO MARTINS TIMBO COSTA,07/01/2024,31/01/2024,08a VT DE FORTALEZA,Juiz Vinculado
130,ANTONIO CELIO MARTINS TIMBO COSTA,01/02/2024,29/02/2024,08a VT DE FORTALEZA,Juiz Vinculado
131,ANTONIO CELIO MARTINS TIMBO COSTA,26/02/2024,26/02/2024,17a VT DE FORTALEZA,Juiz Substituto
132,ANTONIO CELIO MARTINS TIMBO COSTA,01/03/2024,10/03/2024,08a VT DE FORTALEZA,Juiz Vinculado
133,ANTONIO CELIO MARTINS TIMBO COSTA,28/06/2024,17/07/2024,08a VT DE FORTALEZA,Juiz no Exercício da Titularidade
134,ANTONIO CELIO MARTINS TIMBO COSTA,18/07/2024,31/07/2024,08a VT DE FORTALEZA,Juiz Vinculado
135,ANTONIO CELIO MARTINS TIMBO COSTA,01/08/2024,31/08/2024,08a VT DE FORTALEZA,Juiz Vinculado
136,ANTONIO CELIO MARTINS TIMBO COSTA,01/09/2024,30/09/2024,08a VT DE FORTALEZA,Juiz Vinculado
137,ANTONIO CELIO MARTINS TIMBO COSTA,01/10/2024,01/10/2024,08a VT DE FORTALEZA,Juiz Vinculado
138,ANTONIO TEOFILO FILHO,29/11/2023,01/01/2051,GAB. JUIZ ANTONIO TEOFILO FILHO,Magistrado Titular
139,ANTONIO TEOFILO FILHO,29/11/2023,01/01/2051,SECRETARIA DA 3a TURMA EXTINTA,Magistrado Titular
140,ANTONIO TEOFILO FILHO,29/11/2023,01/01/2051,SEÇÃO ESPECIALIZADA II,Magistrado Titular
141,ANTÔNIO GONÇALVES PEREIRA,25/09/2000,31/12/2050,01a VT DE CAUCAIA,Magistrado Titular
142,CAMILA MIRANDA DE MORAES,25/07/2023,01/01/2051,05a VT DE FORTALEZA,Magistrado Titular
143,CARLOS ALBERTO TRINDADE REBONATTO,06/07/2023,01/01/2051,GAB. JUIZ CARLOS ALBERTO TRINDADE REBONATTO,Magistrado Titular
144,CARLOS ALBERTO TRINDADE REBONATTO,06/07/2023,01/01/2051,SECRETARIA DA 3a TURMA EXTINTA,Magistrado Titular
145,CARLOS ALBERTO TRINDADE REBONATTO,06/07/2023,01/01/2051,SEÇÃO ESPECIALIZADA II,Magistrado Titular
146,CARLOS LEONARDO TEIXEIRA CARNEIRO,07/01/2024,31/01/2024,14a VT DE FORTALEZA,Juiz Vinculado
147,CARLOS LEONARDO TEIXEIRA CARNEIRO,01/02/2024,29/02/2024,14a VT DE FORTALEZA,Juiz Vinculado
148,CARLOS LEONARDO TEIXEIRA CARNEIRO,01/03/2024,31/03/2024,14a VT DE FORTALEZA,Juiz Vinculado
149,CARLOS LEONARDO TEIXEIRA CARNEIRO,21/04/2024,22/04/2024,14a VT DE FORTALEZA,Juiz Vinculado
150,CARLOS LEONARDO TEIXEIRA CARNEIRO,23/04/2024,23/04/2024,03a VT DA REGIÃO DO CARIRI,Juiz no Exercício da Titularidade
151,CARLOS LEONARDO TEIXEIRA CARNEIRO,24/04/2024,24/04/2024,14a VT DE FORTALEZA,Juiz Vinculado
152,CARLOS LEONARDO TEIXEIRA CARNEIRO,25/04/2024,26/04/2024,03a VT DA REGIÃO DO CARIRI,Juiz no Exercício da Titularidade
153,CARLOS LEONARDO TEIXEIRA CARNEIRO,27/04/2024,30/04/2024,14a VT DE FORTALEZA,Juiz Vinculado
154,CARLOS LEONARDO TEIXEIRA CARNEIRO,01/05/2024,15/05/2024,14a VT DE FORTALEZA,Juiz Vinculado
155,CARLOS LEONARDO TEIXEIRA CARNEIRO,16/05/2024,04/06/2024,14a VT DE FORTALEZA,Juiz no Exercício da Titularidade
156,CARLOS LEONARDO TEIXEIRA CARNEIRO,05/06/2024,17/06/2024,14a VT DE FORTALEZA,Juiz Vinculado
157,CARLOS LEONARDO TEIXEIRA CARNEIRO,18/06/2024,18/06/2024,08a VT DE FORTALEZA,Juiz Substituto
158,CARLOS LEONARDO TEIXEIRA CARNEIRO,19/06/2024,22/06/2024,14a VT DE FORTALEZA,Juiz Vinculado
159,CARLOS LEONARDO TEIXEIRA CARNEIRO,13/07/2024,17/07/2024,14a VT DE FORTALEZA,Juiz Vinculado
160,CARLOS LEONARDO TEIXEIRA CARNEIRO,18/07/2024,21/07/2024,VT DE CRATEUS,Juiz no Exercício da Titularidade
161,CARLOS LEONARDO TEIXEIRA CARNEIRO,19/07/2024,31/07/2024,14a VT DE FORTALEZA,Juiz Vinculado
162,CARLOS LEONARDO TEIXEIRA CARNEIRO,01/08/2024,14/08/2024,14a VT DE FORTALEZA,Juiz Vinculado
163,CARLOS LEONARDO TEIXEIRA CARNEIRO,05/08/2024,24/08/2024,VT DE TIANGUÁ,Juiz no Exercício da Titularidade
164,CARLOS LEONARDO TEIXEIRA CARNEIRO,15/08/2024,03/09/2024,14a VT DE FORTALEZA,Juiz no Exercício da Titularidade
165,CARLOS LEONARDO TEIXEIRA CARNEIRO,04/09/2024,30/09/2024,14a VT DE FORTALEZA,Juiz Vinculado
166,CARLOS LEONARDO TEIXEIRA CARNEIRO,01/10/2024,31/10/2024,14a VT DE FORTALEZA,Juiz Vinculado
167,CARLOS LEONARDO TEIXEIRA CARNEIRO,15/10/2024,15/10/2024,13a VT DE FORTALEZA,Juiz no Exercício da Titularidade
168,CHRISTIANNE FERNANDES CARVALHO DIOGENES RIBEIRO,21/06/2021,01/01/2051,11a VT DE FORTALEZA,Magistrado Titular
169,CLOVIS VALENCA ALVES FILHO,01/01/2023,31/12/2024,SECRETARIA DA CORREGEDORIA,Magistrado Titular
170,DAIANA GOMES ALMEIDA,20/12/2023,01/01/2051,VT DE CRATEUS,Magistrado Titular
171,DANIELA PINHEIRO GOMES PESSOA,27/03/2023,01/01/2051,VT DE LIMOEIRO DO NORTE,Magistrado Titular
172,DANIELE FERNANDES DOS SANTOS,07/01/2024,07/01/2024,07a VT DE FORTALEZA,Juiz Substituto
173,DANIELE FERNANDES DOS SANTOS,28/01/2024,31/01/2024,07a VT DE FORTALEZA,Juiz Substituto
174,DANIELE FERNANDES DOS SANTOS,29/01/2024,29/01/2024,12a VT DE FORTALEZA,Juiz Substituto
175,DANIELE FERNANDES DOS SANTOS,01/02/2024,14/02/2024,05a VT DE FORTALEZA,Juiz Substituto
176,DANIELE FERNANDES DOS SANTOS,15/02/2024,20/02/2024,10a VT DE FORTALEZA,Juiz Substituto
177,DANIELE FERNANDES DOS SANTOS,19/02/2024,19/02/2024,12a VT DE FORTALEZA,Juiz Substituto
178,DANIELE FERNANDES DOS SANTOS,21/02/2024,21/03/2024,02a VT DA REGIÃO DO CARIRI,Juiz no Exercício da Titularidade
179,DANIELE FERNANDES DOS SANTOS,22/03/2024,31/03/2024,12a VT DE FORTALEZA,Juiz Substituto
180,DANIELE FERNANDES DOS SANTOS,01/04/2024,02/04/2024,17a VT DE FORTALEZA,Juiz no Exercício da Titularidade
181,DANIELE FERNANDES DOS SANTOS,01/04/2024,02/04/2024,VT DE QUIXADA,Juiz no Exercício da Titularidade
182,DANIELE FERNANDES DOS SANTOS,03/04/2024,03/04/2024,VT DE QUIXADA,Juiz Substituto
183,DANIELE FERNANDES DOS SANTOS,04/04/2024,09/04/2024,VT DE QUIXADA,Juiz no Exercício da Titularidade
184,DANIELE FERNANDES DOS SANTOS,10/04/2024,12/04/2024,04a VT DE FORTALEZA,Juiz Substituto
185,DANIELE FERNANDES DOS SANTOS,13/04/2024,15/04/2024,08a VT DE FORTALEZA,Juiz Substituto
186,DANIELE FERNANDES DOS SANTOS,13/04/2024,20/04/2024,VT DE QUIXADA,Juiz no Exercício da Titularidade
187,DANIELE FERNANDES DOS SANTOS,16/04/2024,21/04/2024,04a VT DE FORTALEZA,Juiz Substituto
188,DANIELE FERNANDES DOS SANTOS,22/04/2024,24/04/2024,03a VT DA REGIÃO DO CARIRI,Juiz Substituto
189,DANIELE FERNANDES DOS SANTOS,25/04/2024,30/04/2024,12a VT DE FORTALEZA,Juiz Substituto
190,DANIELE FERNANDES DOS SANTOS,01/05/2024,04/05/2024,02a VT DA REGIÃO DO CARIRI,Juiz no Exercício da Titularidade
191,DANIELE FERNANDES DOS SANTOS,01/05/2024,04/05/2024,13a VT DE FORTALEZA,Juiz Substituto
192,DANIELE FERNANDES DOS SANTOS,05/05/2024,13/05/2024,VT DE QUIXADA,Juiz Substituto
193,DANIELE FERNANDES DOS SANTOS,08/05/2024,09/05/2024,12a VT DE FORTALEZA,Juiz no Exercício da Titularidade
194,DANIELE FERNANDES DOS SANTOS,14/05/2024,20/05/2024,VT DE SÃO GONÇALO DO AMARANTE,Juiz Substituto
195,DANIELE FERNANDES DOS SANTOS,15/05/2024,15/05/2024,12a VT DE FORTALEZA,Juiz Substituto
196,DANIELE FERNANDES DOS SANTOS,21/05/2024,23/05/2024,02a VT DE FORTALEZA,Juiz Substituto
197,DANIELE FERNANDES DOS SANTOS,24/05/2024,31/05/2024,12a VT DE FORTALEZA,Juiz no Exercício da Titularidade
198,DANIELE FERNANDES DOS SANTOS,01/06/2024,24/06/2024,15a VT DE FORTALEZA,Juiz Vinculado
199,DANIELE FERNANDES DOS SANTOS,25/06/2024,14/07/2024,VT DE CRATEUS,Juiz no Exercício da Titularidade
200,DANIELE FERNANDES DOS SANTOS,04/08/2024,31/08/2024,15a VT DE FORTALEZA,Juiz Vinculado
201,DANIELE FERNANDES DOS SANTOS,01/09/2024,19/09/2024,15a VT DE FORTALEZA,Juiz Vinculado
202,DANIELE FERNANDES DOS SANTOS,20/09/2024,22/09/2024,15a VT DE FORTALEZA,Juiz no Exercício da Titularidade
203,DANIELE FERNANDES DOS SANTOS,05/10/2024,09/10/2024,15a VT DE FORTALEZA,Juiz no Exercício da Titularidade
204,DANIELE FERNANDES DOS SANTOS,30/10/2024,31/10/2024,15a VT DE FORTALEZA,Juiz Vinculado
205,DURVAL CÉSAR DE VASCONCELOS MAIA,01/01/2023,31/12/2024,"DIVISÃO DE PRECATÓRIOS, REQUISITÓRIOS E CÁLCULOS JUDICIAIS - SGPRES",Magistrado Titular
206,DURVAL CÉSAR DE VASCONCELOS MAIA,01/01/2023,31/12/2024,JUÍZO DE ADMISSIBILIDADE DE RECURSO DE REVISTA,Magistrado Titular
207,DURVAL CÉSAR DE VASCONCELOS MAIA,01/01/2023,31/12/2024,PRESIDÊNCIA,Magistrado Titular
208,ELIUDE DOS SANTOS OLIVEIRA,21/09/2020,03/03/2024,03a VT DA REGIÃO DO CARIRI,Magistrado Titular
209,ELIUDE DOS SANTOS OLIVEIRA,04/03/2024,01/01/2051,07a VT DE FORTALEZA,Magistrado Titular
210,EMMANUEL TEÓFILO FURTADO,10/02/1994,31/12/2050,GAB. JUIZ EMMANUEL T FURTADO,Magistrado Titular
211,EMMANUEL TEÓFILO FURTADO,01/01/2023,31/12/2024,SECRETARIA DA 2a TURMA EXTINTA,Magistrado Titular
212,EMMANUEL TEÓFILO FURTADO,01/01/2023,31/12/2024,SEÇÃO ESPECIALIZADA II,Magistrado Titular
213,FABRÍCIO AUGUSTO BEZERRA E SILVA,21/06/2021,01/01/2051,01a VT DA REGIÃO DO CARIRI,Magistrado Titular
214,FERNANDA MARIA UCHOA DE ALBUQUERQUE,28/03/2014,31/12/2050,GAB. JUIZA FERNANDA UCHOA ALBUQUERQUE,Magistrado Titular
215,FERNANDA MARIA UCHOA DE ALBUQUERQUE,01/01/2023,31/12/2024,SECRETARIA DA 3a TURMA EXTINTA,Magistrado Titular
216,FERNANDA MARIA UCHOA DE ALBUQUERQUE,01/01/2023,31/12/2024,SEÇÃO ESPECIALIZADA II,Magistrado Titular
217,FERNANDA MONTEIRO LIMA VERDE,27/03/2023,01/01/2051,15a VT DE FORTALEZA,Magistrado Titular
218,FILIPE BERNARDO DA SILVA,07/01/2024,28/01/2024,15a VT DE FORTALEZA,Juiz Substituto
219,FILIPE BERNARDO DA SILVA,22/01/2024,22/01/2024,12a VT DE FORTALEZA,Juiz Substituto
220,FILIPE BERNARDO DA SILVA,29/01/2024,29/01/2024,01a VT DE SOBRAL,Juiz Substituto
221,FILIPE BERNARDO DA SILVA,30/01/2024,31/01/2024,01a VT DE SOBRAL,Juiz no Exercício da Titularidade
222,FILIPE BERNARDO DA SILVA,01/02/2024,14/02/2024,15a VT DE FORTALEZA,Juiz Substituto
223,FILIPE BERNARDO DA SILVA,15/02/2024,20/02/2024,06a VT DE FORTALEZA,Juiz Substituto
224,FILIPE BERNARDO DA SILVA,19/02/2024,19/02/2024,VT DE SÃO GONÇALO DO AMARANTE,Juiz Substituto
225,FILIPE BERNARDO DA SILVA,21/02/2024,21/02/2024,17a VT DE FORTALEZA,Juiz Substituto
226,FILIPE BERNARDO DA SILVA,21/02/2024,25/02/2024,07a VT DE FORTALEZA,Juiz no Exercício da Titularidade
227,FILIPE BERNARDO DA SILVA,26/02/2024,26/02/2024,VT DE SÃO GONÇALO DO AMARANTE,Juiz Substituto
228,FILIPE BERNARDO DA SILVA,26/02/2024,29/02/2024,06a VT DE FORTALEZA,Juiz Substituto
229,FILIPE BERNARDO DA SILVA,27/02/2024,27/02/2024,12a VT DE FORTALEZA,Juiz Substituto
230,FILIPE BERNARDO DA SILVA,01/03/2024,04/03/2024,VT DE TIANGUÁ,Juiz Substituto
231,FILIPE BERNARDO DA SILVA,05/03/2024,06/03/2024,01a VT DE MARACANAÚ,Juiz no Exercício da Titularidade
232,FILIPE BERNARDO DA SILVA,06/03/2024,06/03/2024,12a VT DE FORTALEZA,Juiz Substituto
233,FILIPE BERNARDO DA SILVA,07/03/2024,15/03/2024,VT DE SÃO GONÇALO DO AMARANTE,Juiz Substituto
234,FILIPE BERNARDO DA SILVA,16/03/2024,21/03/2024,02a VT DA REGIÃO DO CARIRI,Juiz Substituto
235,FILIPE BERNARDO DA SILVA,22/03/2024,20/04/2024,02a VT DA REGIÃO DO CARIRI,Juiz no Exercício da Titularidade
236,FILIPE BERNARDO DA SILVA,21/04/2024,30/04/2024,08a VT DE FORTALEZA,Juiz Substituto
237,FILIPE BERNARDO DA SILVA,01/05/2024,04/05/2024,03a VT DE FORTALEZA,Juiz no Exercício da Titularidade
238,FILIPE BERNARDO DA SILVA,01/05/2024,04/05/2024,18a VT DE FORTALEZA,Juiz no Exercício da Titularidade
239,FILIPE BERNARDO DA SILVA,05/05/2024,05/05/2024,03a VT DE FORTALEZA,Juiz Substituto
240,FILIPE BERNARDO DA SILVA,06/05/2024,10/05/2024,VT DE QUIXADA,Juiz no Exercício da Titularidade
241,FILIPE BERNARDO DA SILVA,07/05/2024,07/05/2024,12a VT DE FORTALEZA,Juiz no Exercício da Titularidade
242,FILIPE BERNARDO DA SILVA,11/05/2024,14/05/2024,08a VT DE FORTALEZA,Juiz Substituto
243,FILIPE BERNARDO DA SILVA,13/05/2024,13/05/2024,VT DE SÃO GONÇALO DO AMARANTE,Juiz Substituto
244,FILIPE BERNARDO DA SILVA,25/05/2024,31/05/2024,08a VT DE FORTALEZA,Juiz Substituto
245,FILIPE BERNARDO DA SILVA,27/05/2024,27/05/2024,VT DE EUSÉBIO,Juiz Substituto
246,FILIPE BERNARDO DA SILVA,01/06/2024,23/06/2024,02a VT DE FORTALEZA,Juiz Vinculado
247,FILIPE BERNARDO DA SILVA,14/07/2024,14/07/2024,02a VT DE FORTALEZA,Juiz Vinculado
248,FILIPE BERNARDO DA SILVA,15/07/2024,03/08/2024,02a VT DE FORTALEZA,Juiz no Exercício da Titularidade
249,FILIPE BERNARDO DA SILVA,04/08/2024,18/08/2024,02a VT DE FORTALEZA,Juiz Vinculado
250,FILIPE BERNARDO DA SILVA,22/08/2024,31/08/2024,02a VT DE FORTALEZA,Juiz Vinculado
251,FILIPE BERNARDO DA SILVA,01/09/2024,22/09/2024,02a VT DE FORTALEZA,Juiz Vinculado
252,FILIPE BERNARDO DA SILVA,13/10/2024,13/10/2024,02a VT DE FORTALEZA,Juiz Vinculado
253,FILIPE BERNARDO DA SILVA,14/10/2024,02/11/2024,02a VT DE FORTALEZA,Juiz no Exercício da Titularidade
254,FRANCISCO ANTONIO DA SILVA FORTUNA,09/08/2002,03/03/2024,07a VT DE FORTALEZA,Magistrado Titular
255,FRANCISCO ANTONIO DA SILVA FORTUNA,04/03/2024,01/01/2051,16a VT DE FORTALEZA,Magistrado Titular
256,FRANCISCO GERARDO DE SOUZA JÚNIOR,04/06/1997,31/12/2050,09a VT DE FORTALEZA,Magistrado Titular
257,FRANCISCO JOSE GOMES DA SILVA,28/03/2014,31/12/2050,GAB. JUIZ FCO.JOSÉ GOMES DA SILVA,Magistrado Titular
258,FRANCISCO JOSE GOMES DA SILVA,01/01/2023,31/12/2024,SECRETARIA DA 2a TURMA EXTINTA,Magistrado Titular
259,FRANCISCO JOSE GOMES DA SILVA,01/01/2023,31/12/2024,SEÇÃO ESPECIALIZADA II,Magistrado Titular
260,FRANCISCO TARCISIO GUEDES LIMA VERDE JUNIOR,17/10/2011,31/12/2050,GAB. JUIZ FCO. TARCISIO LIMA VERDE JUNIOR,Magistrado Titular
261,FRANCISCO TARCISIO GUEDES LIMA VERDE JUNIOR,01/01/2023,31/12/2024,CENTRO JUDICIARIO DE METODOS CONSENSUAIS DE SOLUÇOES DE DISPUTAS DE 2o GRAU,Juiz no Exercício da Titularidade
262,FRANCISCO TARCISIO GUEDES LIMA VERDE JUNIOR,01/01/2023,31/12/2024,SECRETARIA DA 3a TURMA EXTINTA,Magistrado Titular
263,FRANCISCO TARCISIO GUEDES LIMA VERDE JUNIOR,01/01/2023,31/12/2024,SEÇÃO ESPECIALIZADA I,Magistrado Titular
264,GERMANO SILVEIRA DE SIQUEIRA,19/01/1998,09/01/2024,03a VT DE FORTALEZA,Magistrado Titular
265,GERMANO SILVEIRA DE SIQUEIRA,10/01/2024,01/01/2051,12a VT DE FORTALEZA,Magistrado Titular
266,GISELLE BRINGEL DE OLIVEIRA LIMA DAVID,01/08/2024,06/08/2024,VT DE CRATEUS,Juiz Substituto
267,GISELLE BRINGEL DE OLIVEIRA LIMA DAVID,07/08/2024,07/08/2024,12a VT DE FORTALEZA,Juiz Substituto
268,GISELLE BRINGEL DE OLIVEIRA LIMA DAVID,08/08/2024,12/08/2024,VT DE SÃO GONÇALO DO AMARANTE,Juiz Substituto
269,GISELLE BRINGEL DE OLIVEIRA LIMA DAVID,13/08/2024,13/08/2024,VT DE PACAJUS,Juiz Substituto
270,GISELLE BRINGEL DE OLIVEIRA LIMA DAVID,14/08/2024,18/08/2024,VT DE IGUATU,Juiz Substituto
271,GISELLE BRINGEL DE OLIVEIRA LIMA DAVID,19/08/2024,25/08/2024,VT DE TIANGUÁ,Juiz Substituto
272,GISELLE BRINGEL DE OLIVEIRA LIMA DAVID,26/08/2024,26/08/2024,02a VT DE MARACANAÚ,Juiz Substituto
273,GISELLE BRINGEL DE OLIVEIRA LIMA DAVID,27/08/2024,27/08/2024,12a VT DE FORTALEZA,Juiz Substituto
274,GISELLE BRINGEL DE OLIVEIRA LIMA DAVID,28/08/2024,31/08/2024,VT DE IGUATU,Juiz Substituto
275,GISELLE BRINGEL DE OLIVEIRA LIMA DAVID,01/09/2024,01/09/2024,VT DE IGUATU,Juiz Substituto
276,GISELLE BRINGEL DE OLIVEIRA LIMA DAVID,02/09/2024,06/09/2024,VT DE IGUATU,Juiz no Exercício da Titularidade
277,GISELLE BRINGEL DE OLIVEIRA LIMA DAVID,07/09/2024,09/09/2024,VT DE CRATEUS,Juiz Substituto
278,GISELLE BRINGEL DE OLIVEIRA LIMA DAVID,10/09/2024,15/09/2024,02a VT DE MARACANAÚ,Juiz Substituto
279,GISELLE BRINGEL DE OLIVEIRA LIMA DAVID,16/09/2024,20/09/2024,VT DE IGUATU,Juiz no Exercício da Titularidade
280,GISELLE BRINGEL DE OLIVEIRA LIMA DAVID,19/09/2024,20/09/2024,VT DE LIMOEIRO DO NORTE,Juiz no Exercício da Titularidade
281,GISELLE BRINGEL DE OLIVEIRA LIMA DAVID,21/09/2024,22/09/2024,VT DE IGUATU,Juiz Substituto
282,GISELLE BRINGEL DE OLIVEIRA LIMA DAVID,23/09/2024,30/09/2024,VT DE CRATEUS,Juiz Substituto
283,GISELLE BRINGEL DE OLIVEIRA LIMA DAVID,01/10/2024,06/10/2024,03a VT DA REGIÃO DO CARIRI,Juiz Substituto
284,GISELLE BRINGEL DE OLIVEIRA LIMA DAVID,07/10/2024,11/10/2024,VT DE IGUATU,Juiz Substituto
285,GISELLE BRINGEL DE OLIVEIRA LIMA DAVID,12/10/2024,13/10/2024,02a VT DA REGIÃO DO CARIRI,Juiz no Exercício da Titularidade
286,GISELLE BRINGEL DE OLIVEIRA LIMA DAVID,22/10/2024,05/11/2024,02a VT DA REGIÃO DO CARIRI,Juiz no Exercício da Titularidade
287,GUILHERME CAMURÇA FILGUEIRA,07/01/2024,09/01/2024,06a VT DE FORTALEZA,Juiz no Exercício da Titularidade
288,GUILHERME CAMURÇA FILGUEIRA,10/01/2024,17/01/2024,02a VT DA REGIÃO DO CARIRI,Juiz no Exercício da Titularidade
289,GUILHERME CAMURÇA FILGUEIRA,20/01/2024,21/01/2024,02a VT DA REGIÃO DO CARIRI,Juiz no Exercício da Titularidade
290,GUILHERME CAMURÇA FILGUEIRA,22/01/2024,31/01/2024,05a VT DE FORTALEZA,Juiz Substituto
291,GUILHERME CAMURÇA FILGUEIRA,24/01/2024,24/01/2024,12a VT DE FORTALEZA,Juiz Substituto
292,GUILHERME CAMURÇA FILGUEIRA,29/01/2024,29/01/2024,VT DE SÃO GONÇALO DO AMARANTE,Juiz Substituto
293,GUILHERME CAMURÇA FILGUEIRA,01/02/2024,14/02/2024,01a VT DA REGIÃO DO CARIRI,Juiz Substituto
294,GUILHERME CAMURÇA FILGUEIRA,05/02/2024,05/02/2024,VT DE SÃO GONÇALO DO AMARANTE,Juiz Substituto
295,GUILHERME CAMURÇA FILGUEIRA,07/02/2024,07/02/2024,16a VT DE FORTALEZA,Juiz Substituto
296,GUILHERME CAMURÇA FILGUEIRA,15/02/2024,18/02/2024,17a VT DE FORTALEZA,Juiz Substituto
297,GUILHERME CAMURÇA FILGUEIRA,19/02/2024,29/02/2024,02a VT DE CAUCAIA,Juiz no Exercício da Titularidade
298,GUILHERME CAMURÇA FILGUEIRA,01/03/2024,03/03/2024,02a VT DE CAUCAIA,Juiz no Exercício da Titularidade
299,GUILHERME CAMURÇA FILGUEIRA,24/03/2024,31/03/2024,02a VT DE CAUCAIA,Juiz no Exercício da Titularidade
300,GUILHERME CAMURÇA FILGUEIRA,01/04/2024,30/04/2024,02a VT DE CAUCAIA,Juiz no Exercício da Titularidade
301,GUILHERME CAMURÇA FILGUEIRA,01/05/2024,26/05/2024,02a VT DE CAUCAIA,Juiz no Exercício da Titularidade
302,GUILHERME CAMURÇA FILGUEIRA,30/05/2024,31/05/2024,02a VT DE CAUCAIA,Juiz no Exercício da Titularidade
303,GUILHERME CAMURÇA FILGUEIRA,01/06/2024,30/06/2024,02a VT DE CAUCAIA,Juiz no Exercício da Titularidade
304,GUILHERME CAMURÇA FILGUEIRA,01/07/2024,31/07/2024,02a VT DE CAUCAIA,Juiz no Exercício da Titularidade
305,GUILHERME CAMURÇA FILGUEIRA,01/08/2024,25/08/2024,02a VT DE CAUCAIA,Juiz no Exercício da Titularidade
306,GUILHERME CAMURÇA FILGUEIRA,15/09/2024,30/09/2024,02a VT DE CAUCAIA,Juiz no Exercício da Titularidade
307,GUILHERME CAMURÇA FILGUEIRA,01/10/2024,31/10/2024,02a VT DE CAUCAIA,Juiz no Exercício da Titularidade
308,HERMANO QUEIROZ JÚNIOR,25/09/2000,31/12/2050,02a VT DE CAUCAIA,Magistrado Titular
309,IVANIA SILVA ARAUJO,25/07/2023,01/01/2051,18a VT DE FORTALEZA,Magistrado Titular
310,JAIME LUIS BEZERRA ARAUJO,18/03/2020,21/01/2024,VT DE IGUATU,Magistrado Titular
311,JAIME LUIS BEZERRA ARAUJO,22/01/2024,01/01/2051,01a VT DE SOBRAL,Magistrado Titular
312,JAMMYR LINS MACIEL,07/01/2024,07/01/2024,01a VT DE FORTALEZA,Juiz Vinculado
313,JAMMYR LINS MACIEL,08/01/2024,27/01/2024,01a VT DE FORTALEZA,Juiz no Exercício da Titularidade
314,JAMMYR LINS MACIEL,28/01/2024,31/01/2024,01a VT DE FORTALEZA,Juiz Vinculado
315,JAMMYR LINS MACIEL,01/02/2024,25/02/2024,01a VT DE FORTALEZA,Juiz Vinculado
316,JAMMYR LINS MACIEL,26/02/2024,01/03/2024,01a VT DA REGIÃO DO CARIRI,Juiz no Exercício da Titularidade
317,JAMMYR LINS MACIEL,02/03/2024,31/03/2024,01a VT DE FORTALEZA,Juiz Vinculado
318,JAMMYR LINS MACIEL,01/04/2024,21/04/2024,01a VT DE FORTALEZA,Juiz Vinculado
319,JAMMYR LINS MACIEL,12/05/2024,28/05/2024,01a VT DE FORTALEZA,Juiz Vinculado
320,JAMMYR LINS MACIEL,29/05/2024,12/06/2024,VT DE ARACATI,Juiz no Exercício da Titularidade
321,JAMMYR LINS MACIEL,13/06/2024,30/06/2024,01a VT DE FORTALEZA,Juiz Vinculado
322,JAMMYR LINS MACIEL,01/07/2024,07/07/2024,01a VT DE FORTALEZA,Juiz Vinculado
323,JAMMYR LINS MACIEL,08/07/2024,27/07/2024,01a VT DE FORTALEZA,Juiz no Exercício da Titularidade
324,JAMMYR LINS MACIEL,28/07/2024,31/07/2024,01a VT DE FORTALEZA,Juiz Vinculado
325,JAMMYR LINS MACIEL,01/08/2024,31/08/2024,01a VT DE FORTALEZA,Juiz Vinculado
326,JAMMYR LINS MACIEL,01/09/2024,30/09/2024,01a VT DE FORTALEZA,Juiz Vinculado
327,JAMMYR LINS MACIEL,01/10/2024,13/10/2024,01a VT DE FORTALEZA,Juiz Vinculado
328,JEAN FABIO ALMEIDA DE OLIVEIRA,07/01/2024,17/01/2024,07a VT DE FORTALEZA,Juiz Vinculado
329,JEAN FABIO ALMEIDA DE OLIVEIRA,18/01/2024,06/02/2024,07a VT DE FORTALEZA,Juiz no Exercício da Titularidade
330,JEAN FABIO ALMEIDA DE OLIVEIRA,07/02/2024,14/02/2024,07a VT DE FORTALEZA,Juiz Vinculado
331,JEAN FABIO ALMEIDA DE OLIVEIRA,06/03/2024,27/03/2024,07a VT DE FORTALEZA,Juiz Vinculado
332,JEAN FABIO ALMEIDA DE OLIVEIRA,17/04/2024,21/04/2024,07a VT DE FORTALEZA,Juiz Vinculado
333,JEAN FABIO ALMEIDA DE OLIVEIRA,22/04/2024,11/05/2024,07a VT DE FORTALEZA,Juiz no Exercício da Titularidade
334,JEAN FABIO ALMEIDA DE OLIVEIRA,12/05/2024,31/05/2024,07a VT DE FORTALEZA,Juiz Vinculado
335,JEAN FABIO ALMEIDA DE OLIVEIRA,27/05/2024,01/06/2024,"DIVISÃO DE EXECUÇÕES UNIFICADAS, LEILÕES E ALIENAÇÕES JUDICIAIS",Juiz no Exercício da Titularidade
336,JEAN FABIO ALMEIDA DE OLIVEIRA,27/05/2024,05/06/2024,VT DE IGUATU,Juiz no Exercício da Titularidade
337,JEAN FABIO ALMEIDA DE OLIVEIRA,01/06/2024,06/06/2024,07a VT DE FORTALEZA,Juiz Vinculado
338,JEAN FABIO ALMEIDA DE OLIVEIRA,07/06/2024,24/06/2024,VT DE QUIXADA,Juiz no Exercício da Titularidade
339,JEAN FABIO ALMEIDA DE OLIVEIRA,25/06/2024,30/06/2024,07a VT DE FORTALEZA,Juiz Vinculado
340,JEAN FABIO ALMEIDA DE OLIVEIRA,01/07/2024,31/07/2024,07a VT DE FORTALEZA,Juiz Vinculado
341,JEAN FABIO ALMEIDA DE OLIVEIRA,15/07/2024,03/08/2024,"DIVISÃO DE EXECUÇÕES UNIFICADAS, LEILÕES E ALIENAÇÕES JUDICIAIS",Juiz no Exercício da Titularidade
342,JEAN FABIO ALMEIDA DE OLIVEIRA,01/08/2024,31/08/2024,07a VT DE FORTALEZA,Juiz Vinculado
343,JEAN FABIO ALMEIDA DE OLIVEIRA,05/08/2024,09/08/2024,"DIVISÃO DE EXECUÇÕES UNIFICADAS, LEILÕES E ALIENAÇÕES JUDICIAIS",Juiz no Exercício da Titularidade
344,JEAN FABIO ALMEIDA DE OLIVEIRA,19/08/2024,21/08/2024,"DIVISÃO DE EXECUÇÕES UNIFICADAS, LEILÕES E ALIENAÇÕES JUDICIAIS",Juiz no Exercício da Titularidade
345,JEAN FABIO ALMEIDA DE OLIVEIRA,01/09/2024,18/09/2024,07a VT DE FORTALEZA,Juiz Vinculado
346,JEAN FABIO ALMEIDA DE OLIVEIRA,21/09/2024,22/09/2024,07a VT DE FORTALEZA,Juiz Vinculado
347,JEAN FABIO ALMEIDA DE OLIVEIRA,23/09/2024,23/09/2024,07a VT DE FORTALEZA,Juiz no Exercício da Titularidade
348,JEAN FABIO ALMEIDA DE OLIVEIRA,23/09/2024,12/10/2024,"DIVISÃO DE EXECUÇÕES UNIFICADAS, LEILÕES E ALIENAÇÕES JUDICIAIS",Juiz no Exercício da Titularidade
349,JEAN FABIO ALMEIDA DE OLIVEIRA,27/09/2024,12/10/2024,07a VT DE FORTALEZA,Juiz no Exercício da Titularidade
350,JEAN FABIO ALMEIDA DE OLIVEIRA,13/10/2024,31/10/2024,07a VT DE FORTALEZA,Juiz Vinculado
351,JEAN FABIO ALMEIDA DE OLIVEIRA,22/10/2024,22/10/2024,13a VT DE FORTALEZA,Juiz no Exercício da Titularidade
352,JOANA MARIA SÁ DE ALENCAR,07/01/2024,31/01/2024,09a VT DE FORTALEZA,Juiz Vinculado
353,JOANA MARIA SÁ DE ALENCAR,01/02/2024,18/02/2024,09a VT DE FORTALEZA,Juiz Vinculado
354,JOANA MARIA SÁ DE ALENCAR,19/02/2024,04/03/2024,09a VT DE FORTALEZA,Juiz no Exercício da Titularidade
355,JOANA MARIA SÁ DE ALENCAR,05/03/2024,31/03/2024,09a VT DE FORTALEZA,Juiz Vinculado
356,JOANA MARIA SÁ DE ALENCAR,01/04/2024,30/04/2024,VT DE ARACATI,Juiz no Exercício da Titularidade
357,JOANA MARIA SÁ DE ALENCAR,01/05/2024,25/05/2024,09a VT DE FORTALEZA,Juiz Vinculado
358,JOANA MARIA SÁ DE ALENCAR,03/05/2024,06/05/2024,03a VT DA REGIÃO DO CARIRI,Juiz no Exercício da Titularidade
359,JOANA MARIA SÁ DE ALENCAR,17/05/2024,20/05/2024,12a VT DE FORTALEZA,Juiz no Exercício da Titularidade
360,JOANA MARIA SÁ DE ALENCAR,15/06/2024,16/06/2024,09a VT DE FORTALEZA,Juiz Vinculado
361,JOANA MARIA SÁ DE ALENCAR,17/06/2024,17/06/2024,VT DE SÃO GONÇALO DO AMARANTE,Juiz Substituto
362,JOANA MARIA SÁ DE ALENCAR,18/06/2024,30/06/2024,09a VT DE FORTALEZA,Juiz Vinculado
363,JOANA MARIA SÁ DE ALENCAR,01/07/2024,25/07/2024,09a VT DE FORTALEZA,Juiz no Exercício da Titularidade
364,JOANA MARIA SÁ DE ALENCAR,26/07/2024,29/07/2024,09a VT DE FORTALEZA,Juiz Vinculado
365,JOANA MARIA SÁ DE ALENCAR,30/07/2024,30/07/2024,12a VT DE FORTALEZA,Juiz Substituto
366,JOANA MARIA SÁ DE ALENCAR,31/07/2024,31/07/2024,09a VT DE FORTALEZA,Juiz Vinculado
367,JOANA MARIA SÁ DE ALENCAR,01/08/2024,31/08/2024,09a VT DE FORTALEZA,Juiz Vinculado
368,JOANA MARIA SÁ DE ALENCAR,01/09/2024,01/09/2024,09a VT DE FORTALEZA,Juiz Vinculado
369,JOANA MARIA SÁ DE ALENCAR,22/09/2024,30/09/2024,09a VT DE FORTALEZA,Juiz Vinculado
370,JOANA MARIA SÁ DE ALENCAR,01/10/2024,13/10/2024,09a VT DE FORTALEZA,Juiz Vinculado
371,JOANA MARIA SÁ DE ALENCAR,14/10/2024,30/10/2024,VT DE CRATEUS,Juiz no Exercício da Titularidade
372,JOANA MARIA SÁ DE ALENCAR,31/10/2024,31/10/2024,09a VT DE FORTALEZA,Juiz Vinculado
373,JORGEANA LOPES DE LIMA,07/01/2024,17/01/2024,VT DE PACAJUS,Juiz Vinculado
374,JORGEANA LOPES DE LIMA,18/01/2024,19/01/2024,VT DE PACAJUS,Juiz no Exercício da Titularidade
375,JORGEANA LOPES DE LIMA,20/01/2024,31/01/2024,VT DE PACAJUS,Juiz Vinculado
376,JORGEANA LOPES DE LIMA,01/02/2024,19/02/2024,VT DE PACAJUS,Juiz Vinculado
377,JORGEANA LOPES DE LIMA,20/02/2024,29/02/2024,VT DE PACAJUS,Juiz no Exercício da Titularidade
378,JORGEANA LOPES DE LIMA,01/03/2024,22/03/2024,VT DE PACAJUS,Juiz no Exercício da Titularidade
379,JORGEANA LOPES DE LIMA,23/03/2024,31/03/2024,VT DE PACAJUS,Juiz Vinculado
380,JORGEANA LOPES DE LIMA,01/04/2024,30/04/2024,VT DE PACAJUS,Juiz Vinculado
381,JORGEANA LOPES DE LIMA,14/04/2024,03/05/2024,VT DE TIANGUÁ,Juiz no Exercício da Titularidade
382,JORGEANA LOPES DE LIMA,01/05/2024,07/05/2024,VT DE PACAJUS,Juiz Vinculado
383,JORGEANA LOPES DE LIMA,08/05/2024,10/05/2024,VT DE PACAJUS,Juiz no Exercício da Titularidade
384,JORGEANA LOPES DE LIMA,11/05/2024,22/05/2024,VT DE PACAJUS,Juiz Vinculado
385,JORGEANA LOPES DE LIMA,23/05/2024,23/05/2024,12a VT DE FORTALEZA,Juiz no Exercício da Titularidade
386,JORGEANA LOPES DE LIMA,24/05/2024,31/05/2024,VT DE PACAJUS,Juiz Vinculado
387,JORGEANA LOPES DE LIMA,01/06/2024,12/06/2024,VT DE PACAJUS,Juiz Vinculado
388,JORGEANA LOPES DE LIMA,13/06/2024,21/06/2024,VT DE PACAJUS,Juiz no Exercício da Titularidade
389,JORGEANA LOPES DE LIMA,22/06/2024,30/06/2024,17a VT DE FORTALEZA,Juiz Vinculado
390,JORGEANA LOPES DE LIMA,24/06/2024,28/06/2024,06a VT DE FORTALEZA,Juiz no Exercício da Titularidade
391,JORGEANA LOPES DE LIMA,01/07/2024,10/07/2024,17a VT DE FORTALEZA,Juiz Vinculado
392,JORGEANA LOPES DE LIMA,11/07/2024,11/07/2024,VT DE SÃO GONÇALO DO AMARANTE,Juiz Substituto
393,JORGEANA LOPES DE LIMA,12/07/2024,17/07/2024,17a VT DE FORTALEZA,Juiz Vinculado
394,JORGEANA LOPES DE LIMA,07/08/2024,31/08/2024,17a VT DE FORTALEZA,Juiz Vinculado
395,JORGEANA LOPES DE LIMA,26/08/2024,14/09/2024,02a VT DE CAUCAIA,Juiz no Exercício da Titularidade
396,JORGEANA LOPES DE LIMA,01/09/2024,18/09/2024,17a VT DE FORTALEZA,Juiz Vinculado
397,JORGEANA LOPES DE LIMA,19/09/2024,20/09/2024,17a VT DE FORTALEZA,Juiz no Exercício da Titularidade
398,JORGEANA LOPES DE LIMA,21/09/2024,30/09/2024,17a VT DE FORTALEZA,Juiz Vinculado
399,JORGEANA LOPES DE LIMA,01/10/2024,15/10/2024,17a VT DE FORTALEZA,Juiz Vinculado
400,JORGEANA LOPES DE LIMA,16/10/2024,14/11/2024,17a VT DE FORTALEZA,Juiz no Exercício da Titularidade
401,JOSE ANTONIO PARENTE DA SILVA,10/12/2003,31/12/2050,GAB. JUIZ JOSÉ ANTÔNIO PARENTE,Magistrado Titular
402,JOSE ANTONIO PARENTE DA SILVA,01/01/2023,31/12/2024,SECRETARIA DA 3a TURMA EXTINTA,Magistrado Titular
403,JOSE ANTONIO PARENTE DA SILVA,01/01/2023,31/12/2024,SEÇÃO ESPECIALIZADA I,Magistrado Titular
404,JOSE HENRIQUE AGUIAR,08/03/1994,31/12/2050,17a VT DE FORTALEZA,Magistrado Titular
405,JOSÉ MARIA COELHO FILHO,25/09/2000,31/12/2050,01a VT DE FORTALEZA,Magistrado Titular
406,JOÃO CARLOS DE OLIVEIRA UCHÔA,25/01/2023,31/12/2024,SEÇÃO ESPECIALIZADA II,Substituto TRT
407,JOÃO CARLOS DE OLIVEIRA UCHÔA,25/01/2023,01/01/2051,GAB. JUIZ JOÃO CARLOS DE OLIVEIRA UCHOA,Magistrado Titular
408,JOÃO CARLOS DE OLIVEIRA UCHÔA,07/11/2023,31/12/2024,CENTRO JUDICIARIO DE METODOS CONSENSUAIS DE SOLUÇOES DE DISPUTAS DE 2o GRAU,Juiz no Exercício da Titularidade
409,JOÃO CARLOS DE OLIVEIRA UCHÔA,07/11/2023,31/12/2024,SECRETARIA DA 2a TURMA EXTINTA,Magistrado Titular
410,KALINE LEWINTER,25/07/2023,09/01/2024,01a VT DE SOBRAL,Magistrado Titular
411,KALINE LEWINTER,10/01/2024,01/01/2051,06a VT DE FORTALEZA,Magistrado Titular
412,KARLA YACY CARLOS DA SILVA,07/01/2024,31/01/2024,17a VT DE FORTALEZA,Juiz Vinculado
413,KARLA YACY CARLOS DA SILVA,01/02/2024,14/02/2024,17a VT DE FORTALEZA,Juiz Vinculado
414,KARLA YACY CARLOS DA SILVA,04/03/2024,30/03/2024,17a VT DE FORTALEZA,Juiz Vinculado
415,KARLA YACY CARLOS DA SILVA,05/04/2024,30/04/2024,17a VT DE FORTALEZA,Juiz no Exercício da Titularidade
416,KARLA YACY CARLOS DA SILVA,01/05/2024,04/05/2024,01a VT DE CAUCAIA,Juiz no Exercício da Titularidade
417,KARLA YACY CARLOS DA SILVA,01/05/2024,15/05/2024,17a VT DE FORTALEZA,Juiz Vinculado
418,KARLA YACY CARLOS DA SILVA,16/05/2024,16/05/2024,02a VT DA REGIÃO DO CARIRI,Juiz Substituto
419,KARLA YACY CARLOS DA SILVA,16/05/2024,16/05/2024,12a VT DE FORTALEZA,Juiz no Exercício da Titularidade
420,KARLA YACY CARLOS DA SILVA,17/05/2024,31/05/2024,17a VT DE FORTALEZA,Juiz Vinculado
421,KARLA YACY CARLOS DA SILVA,01/06/2024,09/06/2024,17a VT DE FORTALEZA,Juiz Vinculado
422,KARLA YACY CARLOS DA SILVA,10/06/2024,31/12/2050,02a VT DA REGIÃO DO CARIRI,Magistrado Titular
423,KELLY CRISTINA DINIZ PORTO,19/10/2012,31/12/2050,VT DE PACAJUS,Magistrado Titular
424,KONRAD SARAIVA MOTA,10/06/2019,01/01/2051,08a VT DE FORTALEZA,Magistrado Titular
425,LAURA ANISIA MOREIRA DE SOUSA PINTO,07/10/2019,01/01/2051,VT DE EUSÉBIO,Magistrado Titular
426,LENA MARCÍLIO XEREZ,08/03/1994,31/12/2050,VT DE BATURITE,Magistrado Titular
427,LIANA MARIA FREITAS DE SÁ CAVALCANTE,07/01/2024,21/01/2024,05a VT DE FORTALEZA,Juiz Vinculado
428,LIANA MARIA FREITAS DE SÁ CAVALCANTE,22/01/2024,10/02/2024,01a VT DA REGIÃO DO CARIRI,Juiz no Exercício da Titularidade
429,LIANA MARIA FREITAS DE SÁ CAVALCANTE,11/02/2024,14/02/2024,05a VT DE FORTALEZA,Juiz Vinculado
430,LIANA MARIA FREITAS DE SÁ CAVALCANTE,15/02/2024,16/02/2024,05a VT DE FORTALEZA,Juiz no Exercício da Titularidade
431,LIANA MARIA FREITAS DE SÁ CAVALCANTE,17/02/2024,29/02/2024,05a VT DE FORTALEZA,Juiz Vinculado
432,LIANA MARIA FREITAS DE SÁ CAVALCANTE,01/03/2024,25/03/2024,05a VT DE FORTALEZA,Juiz Vinculado
433,LIANA MARIA FREITAS DE SÁ CAVALCANTE,04/03/2024,23/03/2024,02a VT DE CAUCAIA,Juiz no Exercício da Titularidade
434,LIANA MARIA FREITAS DE SÁ CAVALCANTE,26/03/2024,26/03/2024,05a VT DE FORTALEZA,Juiz no Exercício da Titularidade
435,LIANA MARIA FREITAS DE SÁ CAVALCANTE,27/03/2024,31/03/2024,05a VT DE FORTALEZA,Juiz Vinculado
436,LIANA MARIA FREITAS DE SÁ CAVALCANTE,01/04/2024,03/04/2024,05a VT DE FORTALEZA,Juiz Vinculado
437,LIANA MARIA FREITAS DE SÁ CAVALCANTE,04/04/2024,04/04/2024,17a VT DE FORTALEZA,Juiz no Exercício da Titularidade
438,LIANA MARIA FREITAS DE SÁ CAVALCANTE,05/04/2024,16/04/2024,05a VT DE FORTALEZA,Juiz Vinculado
439,LIANA MARIA FREITAS DE SÁ CAVALCANTE,17/05/2024,19/05/2024,05a VT DE FORTALEZA,Juiz Vinculado
440,LIANA MARIA FREITAS DE SÁ CAVALCANTE,20/05/2024,18/06/2024,05a VT DE FORTALEZA,Juiz no Exercício da Titularidade
441,LIANA MARIA FREITAS DE SÁ CAVALCANTE,19/06/2024,22/06/2024,05a VT DE FORTALEZA,Juiz Vinculado
442,LIANA MARIA FREITAS DE SÁ CAVALCANTE,23/06/2024,12/07/2024,03a VT DA REGIÃO DO CARIRI,Juiz no Exercício da Titularidade
443,LIANA MARIA FREITAS DE SÁ CAVALCANTE,24/06/2024,24/06/2024,VT DE SÃO GONÇALO DO AMARANTE,Juiz Substituto
444,LIANA MARIA FREITAS DE SÁ CAVALCANTE,13/07/2024,31/07/2024,05a VT DE FORTALEZA,Juiz Vinculado
445,LIANA MARIA FREITAS DE SÁ CAVALCANTE,01/08/2024,20/08/2024,05a VT DE FORTALEZA,Juiz Vinculado
446,LIANA MARIA FREITAS DE SÁ CAVALCANTE,20/09/2024,24/09/2024,05a VT DE FORTALEZA,Juiz Vinculado
447,LIANA MARIA FREITAS DE SÁ CAVALCANTE,25/09/2024,27/09/2024,05a VT DE FORTALEZA,Juiz no Exercício da Titularidade
448,LIANA MARIA FREITAS DE SÁ CAVALCANTE,28/09/2024,29/09/2024,05a VT DE FORTALEZA,Juiz Vinculado
449,LIANA MARIA FREITAS DE SÁ CAVALCANTE,30/09/2024,29/10/2024,05a VT DE FORTALEZA,Juiz no Exercício da Titularidade
450,LIANA MARIA FREITAS DE SÁ CAVALCANTE,30/10/2024,31/10/2024,05a VT DE FORTALEZA,Juiz Vinculado
451,LUCIANA JEREISSATI NUNES,07/01/2024,31/01/2024,VT DE EUSÉBIO,Juiz Vinculado
452,LUCIANA JEREISSATI NUNES,01/02/2024,18/02/2024,VT DE EUSÉBIO,Juiz Vinculado
453,LUCIANA JEREISSATI NUNES,19/02/2024,21/02/2024,VT DE EUSÉBIO,Juiz no Exercício da Titularidade
454,LUCIANA JEREISSATI NUNES,22/02/2024,26/02/2024,VT DE EUSÉBIO,Juiz Vinculado
455,LUCIANA JEREISSATI NUNES,27/02/2024,27/02/2024,07a VT DE FORTALEZA,Juiz no Exercício da Titularidade
456,LUCIANA JEREISSATI NUNES,28/02/2024,29/02/2024,VT DE EUSÉBIO,Juiz Vinculado
457,LUCIANA JEREISSATI NUNES,01/03/2024,20/03/2024,VT DE EUSÉBIO,Juiz Vinculado
458,LUCIANA JEREISSATI NUNES,21/03/2024,22/03/2024,VT DE EUSÉBIO,Juiz no Exercício da Titularidade
459,LUCIANA JEREISSATI NUNES,23/03/2024,31/03/2024,VT DE EUSÉBIO,Juiz Vinculado
460,LUCIANA JEREISSATI NUNES,17/04/2024,19/04/2024,VT DE EUSÉBIO,Juiz Vinculado
461,LUCIANA JEREISSATI NUNES,21/04/2024,30/04/2024,VT DE EUSÉBIO,Juiz Vinculado
462,LUCIANA JEREISSATI NUNES,01/05/2024,07/05/2024,VT DE EUSÉBIO,Juiz Vinculado
463,LUCIANA JEREISSATI NUNES,08/05/2024,10/05/2024,VT DE EUSÉBIO,Juiz no Exercício da Titularidade
464,LUCIANA JEREISSATI NUNES,11/05/2024,20/05/2024,VT DE EUSÉBIO,Juiz Vinculado
465,LUCIANA JEREISSATI NUNES,21/05/2024,09/06/2024,02a VT DA REGIÃO DO CARIRI,Juiz no Exercício da Titularidade
466,LUCIANA JEREISSATI NUNES,10/06/2024,10/06/2024,02a VT DA REGIÃO DO CARIRI,Juiz Substituto
467,LUCIANA JEREISSATI NUNES,11/06/2024,19/06/2024,02a VT DA REGIÃO DO CARIRI,Juiz no Exercício da Titularidade
468,LUCIANA JEREISSATI NUNES,20/06/2024,22/06/2024,VT DE EUSÉBIO,Juiz Vinculado
469,LUCIANA JEREISSATI NUNES,13/07/2024,14/07/2024,VT DE EUSÉBIO,Juiz Vinculado
470,LUCIANA JEREISSATI NUNES,15/07/2024,21/07/2024,VT DE EUSÉBIO,Juiz no Exercício da Titularidade
471,LUCIANA JEREISSATI NUNES,22/07/2024,23/07/2024,VT DE EUSÉBIO,Juiz Vinculado
472,LUCIANA JEREISSATI NUNES,24/07/2024,03/08/2024,VT DE EUSÉBIO,Juiz no Exercício da Titularidade
473,LUCIANA JEREISSATI NUNES,04/08/2024,28/08/2024,VT DE EUSÉBIO,Juiz Vinculado
474,LUCIANA JEREISSATI NUNES,29/08/2024,30/08/2024,VT DE EUSÉBIO,Juiz no Exercício da Titularidade
475,LUCIANA JEREISSATI NUNES,31/08/2024,31/08/2024,VT DE EUSÉBIO,Juiz Vinculado
476,LUCIANA JEREISSATI NUNES,01/09/2024,30/09/2024,VT DE EUSÉBIO,Juiz Vinculado
477,LUCIANA JEREISSATI NUNES,01/10/2024,25/10/2024,VT DE EUSÉBIO,Juiz Vinculado
478,LUCIANA JEREISSATI NUNES,26/10/2024,14/11/2024,01a VT DE SOBRAL,Juiz no Exercício da Titularidade
479,LUCIO FLAVIO APOLIANO RIBEIRO,06/04/2001,31/12/2050,VT DE TIANGUÁ,Magistrado Titular
480,LUCIVALDO MUNIZ FEITOSA,22/07/1994,31/12/2050,02a VT DE SOBRAL,Magistrado Titular
481,MANUELA DE ALBUQUERQUE VIANA,07/01/2024,17/01/2024,04a VT DE FORTALEZA,Juiz Vinculado
482,MANUELA DE ALBUQUERQUE VIANA,18/01/2024,19/01/2024,04a VT DE FORTALEZA,Juiz no Exercício da Titularidade
483,MANUELA DE ALBUQUERQUE VIANA,20/01/2024,31/01/2024,04a VT DE FORTALEZA,Juiz Vinculado
484,MANUELA DE ALBUQUERQUE VIANA,01/02/2024,25/02/2024,04a VT DE FORTALEZA,Juiz Vinculado
485,MANUELA DE ALBUQUERQUE VIANA,26/02/2024,26/03/2024,04a VT DE FORTALEZA,Juiz no Exercício da Titularidade
486,MANUELA DE ALBUQUERQUE VIANA,27/03/2024,31/03/2024,04a VT DE FORTALEZA,Juiz Vinculado
487,MANUELA DE ALBUQUERQUE VIANA,21/04/2024,30/04/2024,04a VT DE FORTALEZA,Juiz Vinculado
488,MANUELA DE ALBUQUERQUE VIANA,01/05/2024,31/05/2024,04a VT DE FORTALEZA,Juiz Vinculado
489,MANUELA DE ALBUQUERQUE VIANA,27/05/2024,27/05/2024,03a VT DA REGIÃO DO CARIRI,Juiz no Exercício da Titularidade
490,MANUELA DE ALBUQUERQUE VIANA,01/06/2024,18/06/2024,04a VT DE FORTALEZA,Juiz Vinculado
491,MANUELA DE ALBUQUERQUE VIANA,19/06/2024,19/06/2024,17a VT DE FORTALEZA,Juiz Substituto
492,MANUELA DE ALBUQUERQUE VIANA,20/06/2024,30/06/2024,04a VT DE FORTALEZA,Juiz Vinculado
493,MANUELA DE ALBUQUERQUE VIANA,01/07/2024,01/07/2024,VT DE SÃO GONÇALO DO AMARANTE,Juiz Substituto
494,MANUELA DE ALBUQUERQUE VIANA,02/07/2024,31/07/2024,04a VT DE FORTALEZA,Juiz Vinculado
495,MANUELA DE ALBUQUERQUE VIANA,13/07/2024,01/08/2024,VT DE ARACATI,Juiz no Exercício da Titularidade
496,MANUELA DE ALBUQUERQUE VIANA,01/08/2024,23/08/2024,04a VT DE FORTALEZA,Juiz Vinculado
497,MANUELA DE ALBUQUERQUE VIANA,13/09/2024,15/09/2024,04a VT DE FORTALEZA,Juiz Vinculado
498,MANUELA DE ALBUQUERQUE VIANA,16/09/2024,15/10/2024,04a VT DE FORTALEZA,Juiz no Exercício da Titularidade
499,MANUELA DE ALBUQUERQUE VIANA,16/10/2024,31/10/2024,04a VT DE FORTALEZA,Juiz Vinculado
500,MANUELA DE ALBUQUERQUE VIANA,21/10/2024,21/10/2024,13a VT DE FORTALEZA,Juiz no Exercício da Titularidade
501,MARCELO LIMA GUERRA,03/09/1997,31/12/2050,VT DE QUIXADA,Magistrado Titular
502,MARCIO CAVALCANTI CAMELO,01/08/2024,04/08/2024,02a VT DE MARACANAÚ,Juiz Substituto
503,MARCIO CAVALCANTI CAMELO,05/08/2024,06/08/2024,06a VT DE FORTALEZA,Juiz Substituto
504,MARCIO CAVALCANTI CAMELO,07/08/2024,13/08/2024,VT DE IGUATU,Juiz Substituto
505,MARCIO CAVALCANTI CAMELO,14/08/2024,18/08/2024,01a VT DE MARACANAÚ,Juiz Substituto
506,MARCIO CAVALCANTI CAMELO,19/08/2024,30/08/2024,02a VT DA REGIÃO DO CARIRI,Juiz no Exercício da Titularidade
507,MARCIO CAVALCANTI CAMELO,31/08/2024,31/08/2024,02a VT DA REGIÃO DO CARIRI,Juiz Substituto
508,MARCIO CAVALCANTI CAMELO,01/09/2024,02/09/2024,02a VT DE MARACANAÚ,Juiz Substituto
509,MARCIO CAVALCANTI CAMELO,03/09/2024,08/09/2024,02a VT DA REGIÃO DO CARIRI,Juiz Substituto
510,MARCIO CAVALCANTI CAMELO,09/09/2024,11/09/2024,VT DE EUSÉBIO,Juiz Substituto
511,MARCIO CAVALCANTI CAMELO,02/10/2024,14/10/2024,02a VT DE MARACANAÚ,Juiz Substituto
512,MARCIO CAVALCANTI CAMELO,15/10/2024,03/11/2024,02a VT DE MARACANAÚ,Juiz no Exercício da Titularidade
513,MARIA RAFAELA DE CASTRO,07/01/2024,08/01/2024,01a VT DA REGIÃO DO CARIRI,Juiz Substituto
514,MARIA RAFAELA DE CASTRO,09/01/2024,24/01/2024,18a VT DE FORTALEZA,Juiz Substituto
515,MARIA RAFAELA DE CASTRO,22/01/2024,22/01/2024,VT DE SÃO GONÇALO DO AMARANTE,Juiz Substituto
516,MARIA RAFAELA DE CASTRO,27/01/2024,28/01/2024,18a VT DE FORTALEZA,Juiz Substituto
517,MARIA RAFAELA DE CASTRO,29/01/2024,29/01/2024,13a VT DE FORTALEZA,Juiz Substituto
518,MARIA RAFAELA DE CASTRO,29/01/2024,31/01/2024,15a VT DE FORTALEZA,Juiz Substituto
519,MARIA RAFAELA DE CASTRO,01/02/2024,14/02/2024,16a VT DE FORTALEZA,Juiz Substituto
520,MARIA RAFAELA DE CASTRO,07/02/2024,07/02/2024,12a VT DE FORTALEZA,Juiz Substituto
521,MARIA RAFAELA DE CASTRO,16/03/2024,20/03/2024,VT DE SÃO GONÇALO DO AMARANTE,Juiz Substituto
522,MARIA RAFAELA DE CASTRO,20/03/2024,20/03/2024,12a VT DE FORTALEZA,Juiz Substituto
523,MARIA RAFAELA DE CASTRO,21/03/2024,31/03/2024,02a VT DA REGIÃO DO CARIRI,Juiz Substituto
524,MARIA RAFAELA DE CASTRO,21/04/2024,30/04/2024,VT DE SÃO GONÇALO DO AMARANTE,Juiz Substituto
525,MARIA RAFAELA DE CASTRO,23/04/2024,23/04/2024,12a VT DE FORTALEZA,Juiz Substituto
526,MARIA RAFAELA DE CASTRO,01/05/2024,04/05/2024,VT DE BATURITE,Juiz no Exercício da Titularidade
527,MARIA RAFAELA DE CASTRO,01/05/2024,07/05/2024,08a VT DE FORTALEZA,Juiz Substituto
528,MARIA RAFAELA DE CASTRO,09/05/2024,10/05/2024,VT DE TIANGUÁ,Juiz Substituto
529,MARIA RAFAELA DE CASTRO,10/05/2024,10/05/2024,12a VT DE FORTALEZA,Juiz no Exercício da Titularidade
530,MARIA RAFAELA DE CASTRO,07/06/2024,11/06/2024,08a VT DE FORTALEZA,Juiz Substituto
531,MARIA RAFAELA DE CASTRO,10/06/2024,14/06/2024,VT DE LIMOEIRO DO NORTE,Juiz no Exercício da Titularidade
532,MARIA RAFAELA DE CASTRO,12/06/2024,12/06/2024,12a VT DE FORTALEZA,Juiz Substituto
533,MARIA RAFAELA DE CASTRO,13/06/2024,17/06/2024,08a VT DE FORTALEZA,Juiz Substituto
534,MARIA RAFAELA DE CASTRO,18/06/2024,19/06/2024,12a VT DE FORTALEZA,Juiz Substituto
535,MARIA RAFAELA DE CASTRO,20/06/2024,21/06/2024,08a VT DE FORTALEZA,Juiz Substituto
536,MARIA RAFAELA DE CASTRO,22/06/2024,21/07/2024,VT DE PACAJUS,Juiz no Exercício da Titularidade
537,MARIA RAFAELA DE CASTRO,14/07/2024,02/08/2024,01a VT DE CAUCAIA,Juiz no Exercício da Titularidade
538,MARIA RAFAELA DE CASTRO,22/07/2024,31/07/2024,VT DE PACAJUS,Juiz Vinculado
539,MARIA RAFAELA DE CASTRO,01/08/2024,07/08/2024,VT DE PACAJUS,Juiz Vinculado
540,MARIA RAFAELA DE CASTRO,07/09/2024,15/09/2024,VT DE IGUATU,Juiz Substituto
541,MARIA RAFAELA DE CASTRO,16/09/2024,16/09/2024,13a VT DE FORTALEZA,Juiz Substituto
542,MARIA RAFAELA DE CASTRO,17/09/2024,17/09/2024,01a VT DA REGIÃO DO CARIRI,Juiz no Exercício da Titularidade
543,MARIA RAFAELA DE CASTRO,17/09/2024,18/09/2024,11a VT DE FORTALEZA,Juiz no Exercício da Titularidade
544,MARIA RAFAELA DE CASTRO,18/09/2024,22/09/2024,01a VT DE SOBRAL,Juiz Substituto
545,MARIA RAFAELA DE CASTRO,23/09/2024,23/09/2024,VT DE EUSÉBIO,Juiz Substituto
546,MARIA RAFAELA DE CASTRO,24/09/2024,26/09/2024,07a VT DE FORTALEZA,Juiz no Exercício da Titularidade
547,MARIA RAFAELA DE CASTRO,27/09/2024,30/09/2024,VT DE EUSÉBIO,Juiz Substituto
548,MARIA RAFAELA DE CASTRO,01/10/2024,01/10/2024,06a VT DE FORTALEZA,Juiz Substituto
549,MARIA RAFAELA DE CASTRO,18/10/2024,20/10/2024,13a VT DE FORTALEZA,Juiz no Exercício da Titularidade
550,MARIA RAFAELA DE CASTRO,21/10/2024,22/10/2024,06a VT DE FORTALEZA,Juiz Substituto
551,MARIA RAFAELA DE CASTRO,23/10/2024,23/10/2024,03a VT DE FORTALEZA,Juiz Substituto
552,MARIA RAFAELA DE CASTRO,24/10/2024,27/10/2024,06a VT DE FORTALEZA,Juiz Substituto
553,MARIA RAFAELA DE CASTRO,28/10/2024,28/10/2024,VT DE SÃO GONÇALO DO AMARANTE,Juiz Substituto
554,MARIA RAFAELA DE CASTRO,29/10/2024,31/10/2024,13a VT DE FORTALEZA,Juiz Substituto
555,MARIA ROSA DE ARAÚJO MESTRES,29/09/2006,31/12/2050,04a VT DE FORTALEZA,Magistrado Titular
556,MARIA ROSELI MENDES ALENCAR,01/01/2023,31/12/2024,SECRETARIA DA 1a TURMA EXTINTA,Magistrado Titular
557,MARIA ROSELI MENDES ALENCAR,01/01/2023,31/12/2024,SEÇÃO ESPECIALIZADA I,Magistrado Titular
558,MARIA ROSELI MENDES ALENCAR,01/01/2023,31/12/2024,VICE-PRESIDENCIA,Magistrado Titular
559,MATEUS MIRANDA DE MORAES,25/02/2019,01/01/2051,02a VT DE MARACANAÚ,Magistrado Titular
560,MAURO ELVAS FALCAO CARNEIRO,01/02/2023,31/12/2024,"DIVISÃO DE EXECUÇÕES UNIFICADAS, LEILÕES E ALIENAÇÕES JUDICIAIS",Juiz no Exercício da Titularidade
561,MAURO ELVAS FALCAO CARNEIRO,07/01/2024,31/01/2024,VT DE SÃO GONÇALO DO AMARANTE,Juiz Vinculado
562,MAURO ELVAS FALCAO CARNEIRO,01/02/2024,18/02/2024,VT DE SÃO GONÇALO DO AMARANTE,Juiz Vinculado
563,MAURO ELVAS FALCAO CARNEIRO,19/02/2024,09/03/2024,VT DE SÃO GONÇALO DO AMARANTE,Juiz no Exercício da Titularidade
564,MAURO ELVAS FALCAO CARNEIRO,10/03/2024,31/03/2024,VT DE SÃO GONÇALO DO AMARANTE,Juiz Vinculado
565,MAURO ELVAS FALCAO CARNEIRO,01/04/2024,30/04/2024,VT DE SÃO GONÇALO DO AMARANTE,Juiz Vinculado
566,MAURO ELVAS FALCAO CARNEIRO,01/05/2024,04/05/2024,01a VT DA REGIÃO DO CARIRI,Juiz no Exercício da Titularidade
567,MAURO ELVAS FALCAO CARNEIRO,01/05/2024,26/05/2024,VT DE SÃO GONÇALO DO AMARANTE,Juiz Vinculado
568,MAURO ELVAS FALCAO CARNEIRO,02/06/2024,30/06/2024,VT DE SÃO GONÇALO DO AMARANTE,Juiz Vinculado
569,MAURO ELVAS FALCAO CARNEIRO,01/07/2024,14/07/2024,VT DE SÃO GONÇALO DO AMARANTE,Juiz Vinculado
570,MAURO ELVAS FALCAO CARNEIRO,04/08/2024,04/08/2024,VT DE SÃO GONÇALO DO AMARANTE,Juiz Vinculado
571,MAURO ELVAS FALCAO CARNEIRO,10/08/2024,18/08/2024,VT DE SÃO GONÇALO DO AMARANTE,Juiz Vinculado
572,MAURO ELVAS FALCAO CARNEIRO,22/08/2024,31/08/2024,VT DE SÃO GONÇALO DO AMARANTE,Juiz Vinculado
573,MAURO ELVAS FALCAO CARNEIRO,01/09/2024,22/09/2024,VT DE SÃO GONÇALO DO AMARANTE,Juiz Vinculado
574,MAURO ELVAS FALCAO CARNEIRO,13/10/2024,13/10/2024,VT DE SÃO GONÇALO DO AMARANTE,Juiz Vinculado
575,MAURO ELVAS FALCAO CARNEIRO,14/10/2024,02/11/2024,VT DE SÃO GONÇALO DO AMARANTE,Juiz no Exercício da Titularidade
576,NAIRA PINHEIRO RABELO DE ALENCAR,07/01/2024,31/01/2024,02a VT DE CAUCAIA,Juiz no Exercício da Titularidade
577,NAIRA PINHEIRO RABELO DE ALENCAR,01/02/2024,18/02/2024,02a VT DE CAUCAIA,Juiz no Exercício da Titularidade
578,NAIRA PINHEIRO RABELO DE ALENCAR,19/02/2024,29/02/2024,12a VT DE FORTALEZA,Juiz Vinculado
579,NAIRA PINHEIRO RABELO DE ALENCAR,01/03/2024,21/03/2024,12a VT DE FORTALEZA,Juiz Vinculado
580,NAIRA PINHEIRO RABELO DE ALENCAR,22/03/2024,20/04/2024,VT DE IGUATU,Juiz no Exercício da Titularidade
581,NAIRA PINHEIRO RABELO DE ALENCAR,21/04/2024,30/04/2024,12a VT DE FORTALEZA,Juiz Vinculado
582,NAIRA PINHEIRO RABELO DE ALENCAR,01/05/2024,04/05/2024,12a VT DE FORTALEZA,Juiz no Exercício da Titularidade
583,NAIRA PINHEIRO RABELO DE ALENCAR,05/05/2024,05/05/2024,12a VT DE FORTALEZA,Juiz Vinculado
584,NAIRA PINHEIRO RABELO DE ALENCAR,06/05/2024,06/05/2024,12a VT DE FORTALEZA,Juiz no Exercício da Titularidade
585,NAIRA PINHEIRO RABELO DE ALENCAR,07/05/2024,30/12/2050,03a VT DA REGIÃO DO CARIRI,Magistrado Titular
586,NATALIA LUIZA ALVES MARTINS,01/08/2024,04/08/2024,15a VT DE FORTALEZA,Juiz Substituto
587,NATALIA LUIZA ALVES MARTINS,05/08/2024,08/08/2024,17a VT DE FORTALEZA,Juiz Substituto
588,NATALIA LUIZA ALVES MARTINS,09/08/2024,12/08/2024,02a VT DE CAUCAIA,Juiz Substituto
589,NATALIA LUIZA ALVES MARTINS,13/08/2024,13/08/2024,06a VT DE FORTALEZA,Juiz Substituto
590,NATALIA LUIZA ALVES MARTINS,14/08/2024,18/08/2024,VT DE CRATEUS,Juiz Substituto
591,NATALIA LUIZA ALVES MARTINS,19/08/2024,31/08/2024,VT DE PACAJUS,Juiz Vinculado
592,NATALIA LUIZA ALVES MARTINS,29/08/2024,29/08/2024,VT DE IGUATU,Juiz Substituto
593,NATALIA LUIZA ALVES MARTINS,01/09/2024,01/09/2024,VT DE PACAJUS,Juiz Vinculado
594,NATALIA LUIZA ALVES MARTINS,22/09/2024,30/09/2024,VT DE PACAJUS,Juiz no Exercício da Titularidade
595,NATALIA LUIZA ALVES MARTINS,01/10/2024,31/10/2024,VT DE PACAJUS,Juiz Vinculado
596,NATALIA LUIZA ALVES MARTINS,16/10/2024,14/11/2024,VT DE QUIXADA,Juiz no Exercício da Titularidade
597,NATALIA LUIZA ALVES MARTINS,17/10/2024,17/10/2024,15a VT DE FORTALEZA,Juiz no Exercício da Titularidade
598,NEY FRAGA FILHO,07/01/2024,22/01/2024,16a VT DE FORTALEZA,Juiz Vinculado
599,NEY FRAGA FILHO,22/01/2024,20/02/2024,VT DE IGUATU,Juiz no Exercício da Titularidade
600,NEY FRAGA FILHO,21/02/2024,29/02/2024,16a VT DE FORTALEZA,Juiz no Exercício da Titularidade
601,NEY FRAGA FILHO,01/03/2024,03/03/2024,16a VT DE FORTALEZA,Juiz no Exercício da Titularidade
602,NEY FRAGA FILHO,04/03/2024,31/03/2024,16a VT DE FORTALEZA,Juiz Vinculado
603,NEY FRAGA FILHO,01/04/2024,02/04/2024,16a VT DE FORTALEZA,Juiz Vinculado
604,NEY FRAGA FILHO,03/04/2024,03/04/2024,17a VT DE FORTALEZA,Juiz no Exercício da Titularidade
605,NEY FRAGA FILHO,04/04/2024,30/04/2024,16a VT DE FORTALEZA,Juiz Vinculado
606,NEY FRAGA FILHO,01/05/2024,05/05/2024,16a VT DE FORTALEZA,Juiz Vinculado
607,NEY FRAGA FILHO,06/05/2024,06/05/2024,02a VT DA REGIÃO DO CARIRI,Magistrado Titular
608,NEY FRAGA FILHO,07/05/2024,31/12/2050,VT DE IGUATU,Magistrado Titular
609,PAULO RÉGIS MACHADO BOTELHO,27/12/2018,01/01/2051,GAB. JUIZ PAULO REGIS MACHADO BOTELHO,Magistrado Titular
610,PAULO RÉGIS MACHADO BOTELHO,01/01/2023,31/12/2024,SECRETARIA DA 2a TURMA EXTINTA,Magistrado Titular
611,PAULO RÉGIS MACHADO BOTELHO,26/01/2023,31/12/2024,SEÇÃO ESPECIALIZADA I,Magistrado Titular
612,PLAUTO CARNEIRO PORTO,01/01/2021,01/01/2051,GAB. JUIZ PLAUTO CARNEIRO PORTO,Magistrado Titular
613,PLAUTO CARNEIRO PORTO,01/01/2023,31/12/2024,SECRETARIA DA 1a TURMA EXTINTA,Magistrado Titular
614,PLAUTO CARNEIRO PORTO,01/01/2023,31/12/2024,SEÇÃO ESPECIALIZADA I,Magistrado Titular
615,RAFAEL DE SOUZA CARNEIRO,07/01/2024,08/01/2024,18a VT DE FORTALEZA,Juiz Vinculado
616,RAFAEL DE SOUZA CARNEIRO,09/01/2024,28/01/2024,18a VT DE FORTALEZA,Juiz no Exercício da Titularidade
617,RAFAEL DE SOUZA CARNEIRO,29/01/2024,31/01/2024,18a VT DE FORTALEZA,Juiz Vinculado
618,RAFAEL DE SOUZA CARNEIRO,01/02/2024,29/02/2024,18a VT DE FORTALEZA,Juiz Vinculado
619,RAFAEL DE SOUZA CARNEIRO,19/02/2024,19/02/2024,16a VT DE FORTALEZA,Juiz no Exercício da Titularidade
620,RAFAEL DE SOUZA CARNEIRO,01/03/2024,03/03/2024,18a VT DE FORTALEZA,Juiz Vinculado
621,RAFAEL DE SOUZA CARNEIRO,24/03/2024,31/03/2024,18a VT DE FORTALEZA,Juiz Vinculado
622,RAFAEL DE SOUZA CARNEIRO,01/04/2024,20/04/2024,18a VT DE FORTALEZA,Juiz Vinculado
623,RAFAEL DE SOUZA CARNEIRO,21/04/2024,06/05/2024,VT DE IGUATU,Juiz no Exercício da Titularidade
624,RAFAEL DE SOUZA CARNEIRO,07/05/2024,08/05/2024,VT DE IGUATU,Juiz Substituto
625,RAFAEL DE SOUZA CARNEIRO,09/05/2024,14/05/2024,18a VT DE FORTALEZA,Juiz Vinculado
626,RAFAEL DE SOUZA CARNEIRO,15/05/2024,15/05/2024,18a VT DE FORTALEZA,Juiz no Exercício da Titularidade
627,RAFAEL DE SOUZA CARNEIRO,16/05/2024,27/05/2024,18a VT DE FORTALEZA,Juiz Vinculado
628,RAFAEL DE SOUZA CARNEIRO,28/05/2024,28/05/2024,12a VT DE FORTALEZA,Juiz no Exercício da Titularidade
629,RAFAEL DE SOUZA CARNEIRO,29/05/2024,31/05/2024,18a VT DE FORTALEZA,Juiz Vinculado
630,RAFAEL DE SOUZA CARNEIRO,01/06/2024,30/06/2024,18a VT DE FORTALEZA,Juiz Vinculado
631,RAFAEL DE SOUZA CARNEIRO,01/07/2024,20/07/2024,18a VT DE FORTALEZA,Juiz no Exercício da Titularidade
632,RAFAEL DE SOUZA CARNEIRO,21/07/2024,21/07/2024,18a VT DE FORTALEZA,Juiz Vinculado
633,RAFAEL DE SOUZA CARNEIRO,22/07/2024,05/08/2024,VT DE IGUATU,Juiz no Exercício da Titularidade
634,RAFAEL DE SOUZA CARNEIRO,06/08/2024,31/08/2024,18a VT DE FORTALEZA,Juiz Vinculado
635,RAFAEL DE SOUZA CARNEIRO,01/09/2024,22/09/2024,18a VT DE FORTALEZA,Juiz Vinculado
636,RAFAEL DE SOUZA CARNEIRO,13/10/2024,31/10/2024,18a VT DE FORTALEZA,Juiz Vinculado
637,RAFAEL MARCÍLIO XEREZ,25/09/2000,31/12/2050,02a VT DE FORTALEZA,Magistrado Titular
638,RAFAELA SOARES FERNANDES,07/01/2024,31/01/2024,11a VT DE FORTALEZA,Juiz Vinculado
639,RAFAELA SOARES FERNANDES,01/02/2024,29/02/2024,11a VT DE FORTALEZA,Juiz Vinculado
640,RAFAELA SOARES FERNANDES,20/02/2024,20/02/2024,16a VT DE FORTALEZA,Juiz no Exercício da Titularidade
641,RAFAELA SOARES FERNANDES,01/03/2024,03/03/2024,11a VT DE FORTALEZA,Juiz Vinculado
642,RAFAELA SOARES FERNANDES,04/03/2024,02/04/2024,03a VT DA REGIÃO DO CARIRI,Juiz no Exercício da Titularidade
643,RAFAELA SOARES FERNANDES,03/04/2024,23/04/2024,11a VT DE FORTALEZA,Juiz Vinculado
644,RAFAELA SOARES FERNANDES,24/04/2024,24/04/2024,03a VT DA REGIÃO DO CARIRI,Juiz no Exercício da Titularidade
645,RAFAELA SOARES FERNANDES,25/04/2024,30/04/2024,11a VT DE FORTALEZA,Juiz Vinculado
646,RAFAELA SOARES FERNANDES,01/05/2024,31/05/2024,11a VT DE FORTALEZA,Juiz Vinculado
647,RAFAELA SOARES FERNANDES,01/06/2024,22/06/2024,11a VT DE FORTALEZA,Juiz Vinculado
648,RAFAELA SOARES FERNANDES,23/06/2024,12/07/2024,11a VT DE FORTALEZA,Juiz no Exercício da Titularidade
649,RAFAELA SOARES FERNANDES,13/07/2024,14/07/2024,11a VT DE FORTALEZA,Juiz Vinculado
650,RAFAELA SOARES FERNANDES,04/08/2024,31/08/2024,11a VT DE FORTALEZA,Juiz Vinculado
651,RAFAELA SOARES FERNANDES,01/09/2024,16/09/2024,11a VT DE FORTALEZA,Juiz Vinculado
652,RAFAELA SOARES FERNANDES,17/09/2024,06/10/2024,11a VT DE FORTALEZA,Juiz no Exercício da Titularidade
653,RAFAELA SOARES FERNANDES,07/10/2024,31/10/2024,11a VT DE FORTALEZA,Juiz Vinculado
654,RAFAELA SOARES FERNANDES,17/10/2024,17/10/2024,02a VT DA REGIÃO DO CARIRI,Juiz no Exercício da Titularidade
655,RAFAELA SOARES FERNANDES,23/10/2024,23/10/2024,13a VT DE FORTALEZA,Juiz no Exercício da Titularidade
656,RAIMUNDO DIAS DE OLIVEIRA NETO,07/01/2024,09/01/2024,01a VT DE SOBRAL,Juiz Vinculado
657,RAIMUNDO DIAS DE OLIVEIRA NETO,07/01/2024,09/01/2024,02a VT DE SOBRAL,Juiz Vinculado
658,RAIMUNDO DIAS DE OLIVEIRA NETO,10/01/2024,29/01/2024,01a VT DE SOBRAL,Juiz no Exercício da Titularidade
659,RAIMUNDO DIAS DE OLIVEIRA NETO,19/02/2024,29/02/2024,01a VT DE SOBRAL,Juiz Vinculado
660,RAIMUNDO DIAS DE OLIVEIRA NETO,19/02/2024,29/02/2024,02a VT DE SOBRAL,Juiz Vinculado
661,RAIMUNDO DIAS DE OLIVEIRA NETO,01/03/2024,31/03/2024,01a VT DE SOBRAL,Juiz Vinculado
662,RAIMUNDO DIAS DE OLIVEIRA NETO,01/03/2024,31/03/2024,02a VT DE SOBRAL,Juiz Vinculado
663,RAIMUNDO DIAS DE OLIVEIRA NETO,01/04/2024,26/04/2024,01a VT DE SOBRAL,Juiz Vinculado
664,RAIMUNDO DIAS DE OLIVEIRA NETO,01/04/2024,26/04/2024,02a VT DE SOBRAL,Juiz Vinculado
665,RAIMUNDO DIAS DE OLIVEIRA NETO,27/04/2024,16/05/2024,01a VT DE SOBRAL,Juiz no Exercício da Titularidade
666,RAIMUNDO DIAS DE OLIVEIRA NETO,17/05/2024,31/05/2024,01a VT DE SOBRAL,Juiz Vinculado
667,RAIMUNDO DIAS DE OLIVEIRA NETO,17/05/2024,31/05/2024,02a VT DE SOBRAL,Juiz Vinculado
668,RAIMUNDO DIAS DE OLIVEIRA NETO,01/06/2024,30/06/2024,01a VT DE SOBRAL,Juiz Vinculado
669,RAIMUNDO DIAS DE OLIVEIRA NETO,01/06/2024,30/06/2024,02a VT DE SOBRAL,Juiz Vinculado
670,RAIMUNDO DIAS DE OLIVEIRA NETO,01/07/2024,03/07/2024,01a VT DE SOBRAL,Juiz Vinculado
671,RAIMUNDO DIAS DE OLIVEIRA NETO,01/07/2024,03/07/2024,02a VT DE SOBRAL,Juiz Vinculado
672,RAIMUNDO DIAS DE OLIVEIRA NETO,24/07/2024,26/07/2024,01a VT DE SOBRAL,Juiz Vinculado
673,RAIMUNDO DIAS DE OLIVEIRA NETO,24/07/2024,26/07/2024,02a VT DE SOBRAL,Juiz Vinculado
674,RAIMUNDO DIAS DE OLIVEIRA NETO,27/07/2024,15/08/2024,02a VT DE SOBRAL,Juiz no Exercício da Titularidade
675,RAIMUNDO DIAS DE OLIVEIRA NETO,16/08/2024,31/08/2024,01a VT DE SOBRAL,Juiz Vinculado
676,RAIMUNDO DIAS DE OLIVEIRA NETO,16/08/2024,31/08/2024,02a VT DE SOBRAL,Juiz Vinculado
677,RAIMUNDO DIAS DE OLIVEIRA NETO,01/09/2024,12/09/2024,01a VT DE SOBRAL,Juiz Vinculado
678,RAIMUNDO DIAS DE OLIVEIRA NETO,01/09/2024,30/09/2024,02a VT DE SOBRAL,Juiz Vinculado
679,RAIMUNDO DIAS DE OLIVEIRA NETO,01/10/2024,31/10/2024,02a VT DE SOBRAL,Juiz Vinculado
680,RAQUEL CARVALHO VASCONCELOS SOUSA,07/01/2024,21/01/2024,10a VT DE FORTALEZA,Juiz Vinculado
681,RAQUEL CARVALHO VASCONCELOS SOUSA,22/01/2024,20/02/2024,02a VT DA REGIÃO DO CARIRI,Juiz no Exercício da Titularidade
682,RAQUEL CARVALHO VASCONCELOS SOUSA,21/02/2024,25/02/2024,10a VT DE FORTALEZA,Juiz Vinculado
683,RAQUEL CARVALHO VASCONCELOS SOUSA,26/02/2024,26/02/2024,07a VT DE FORTALEZA,Juiz no Exercício da Titularidade
684,RAQUEL CARVALHO VASCONCELOS SOUSA,27/02/2024,29/02/2024,10a VT DE FORTALEZA,Juiz Vinculado
685,RAQUEL CARVALHO VASCONCELOS SOUSA,01/03/2024,25/03/2024,10a VT DE FORTALEZA,Juiz Vinculado
686,RAQUEL CARVALHO VASCONCELOS SOUSA,27/03/2024,31/03/2024,10a VT DE FORTALEZA,Juiz Vinculado
687,RAQUEL CARVALHO VASCONCELOS SOUSA,01/04/2024,07/04/2024,10a VT DE FORTALEZA,Juiz Vinculado
688,RAQUEL CARVALHO VASCONCELOS SOUSA,08/04/2024,08/04/2024,VT DE SÃO GONÇALO DO AMARANTE,Juiz Substituto
689,RAQUEL CARVALHO VASCONCELOS SOUSA,09/04/2024,30/04/2024,10a VT DE FORTALEZA,Juiz Vinculado
690,RAQUEL CARVALHO VASCONCELOS SOUSA,01/05/2024,31/05/2024,10a VT DE FORTALEZA,Juiz Vinculado
691,RAQUEL CARVALHO VASCONCELOS SOUSA,01/06/2024,11/06/2024,10a VT DE FORTALEZA,Juiz Vinculado
692,RAQUEL CARVALHO VASCONCELOS SOUSA,12/06/2024,12/06/2024,17a VT DE FORTALEZA,Juiz Substituto
693,RAQUEL CARVALHO VASCONCELOS SOUSA,13/06/2024,26/06/2024,10a VT DE FORTALEZA,Juiz Vinculado
694,RAQUEL CARVALHO VASCONCELOS SOUSA,17/06/2024,06/07/2024,VT DE LIMOEIRO DO NORTE,Juiz no Exercício da Titularidade
695,RAQUEL CARVALHO VASCONCELOS SOUSA,27/06/2024,16/07/2024,10a VT DE FORTALEZA,Juiz no Exercício da Titularidade
696,RAQUEL CARVALHO VASCONCELOS SOUSA,06/08/2024,31/08/2024,10a VT DE FORTALEZA,Juiz Vinculado
697,RAQUEL CARVALHO VASCONCELOS SOUSA,01/09/2024,30/09/2024,10a VT DE FORTALEZA,Juiz Vinculado
698,RAQUEL CARVALHO VASCONCELOS SOUSA,01/10/2024,31/10/2024,10a VT DE FORTALEZA,Juiz Vinculado
699,RAQUEL CARVALHO VASCONCELOS SOUSA,14/10/2024,14/10/2024,13a VT DE FORTALEZA,Juiz no Exercício da Titularidade
700,REGIANE FERREIRA CARVALHO SILVA,25/07/2023,01/01/2051,10a VT DE FORTALEZA,Magistrado Titular
701,REGINA GLAUCIA CAVALCANTE NEPOMUCENO,01/01/2023,31/12/2024,SECRETARIA DA 1a TURMA EXTINTA,Magistrado Titular
702,REGINA GLAUCIA CAVALCANTE NEPOMUCENO,01/01/2023,31/12/2024,SEÇÃO ESPECIALIZADA I,Magistrado Titular
703,REGINA GLAUCIA CAVALCANTE NEPOMUCENO,01/01/2023,31/12/2050,GAB. JUIZA REGINA GLAUCIA NEPOMUCENO,Magistrado Titular
704,RONALDO SOLANO FEITOSA,28/04/2022,01/01/2051,CENTRO JUDICIARIO DE METODOS CONSENSUAIS DE SOLUÇOES DE DISPUTAS DE 1o GRAU,Juiz no Exercício da Titularidade
705,RONALDO SOLANO FEITOSA,04/12/2023,09/01/2024,02a VT DA REGIÃO DO CARIRI,Magistrado Titular
706,RONALDO SOLANO FEITOSA,10/01/2024,01/01/2051,03a VT DE FORTALEZA,Magistrado Titular
707,ROSA DE LOURDES AZEVEDO BRINGEL,10/06/2019,31/03/2024,VT DE ARACATI,Magistrado Titular
708,ROSA DE LOURDES AZEVEDO BRINGEL,01/04/2024,12/06/2024,GAB. JUIZ PAULO REGIS MACHADO BOTELHO,Substituto TRT
709,ROSA DE LOURDES AZEVEDO BRINGEL,01/04/2024,12/06/2024,SECRETARIA DA 2a TURMA EXTINTA,Substituto TRT
710,ROSA DE LOURDES AZEVEDO BRINGEL,01/04/2024,12/06/2024,SEÇÃO ESPECIALIZADA I,Substituto TRT
711,ROSA DE LOURDES AZEVEDO BRINGEL,13/06/2024,01/01/2051,VT DE ARACATI,Magistrado Titular
712,ROSSANA TALIA MODESTO GOMES SAMPAIO,29/09/2006,31/12/2050,01a VT DE MARACANAÚ,Magistrado Titular
713,SINÉZIO BERNARDO DE OLIVEIRA,20/06/1996,31/12/2050,13a VT DE FORTALEZA,Magistrado Titular
714,SUYANE BELCHIOR PARAIBA DE ARAGÃO,10/06/2019,01/01/2051,14a VT DE FORTALEZA,Magistrado Titular
715,TACIANA ORLOVICIN GONÇALVES PITA,07/01/2024,31/01/2024,02a VT DE FORTALEZA,Juiz Vinculado
716,TACIANA ORLOVICIN GONÇALVES PITA,01/02/2024,18/02/2024,02a VT DE FORTALEZA,Juiz Vinculado
717,TACIANA ORLOVICIN GONÇALVES PITA,19/02/2024,29/02/2024,15a VT DE FORTALEZA,Juiz Vinculado
718,TACIANA ORLOVICIN GONÇALVES PITA,01/03/2024,31/03/2024,15a VT DE FORTALEZA,Juiz Vinculado
719,TACIANA ORLOVICIN GONÇALVES PITA,04/03/2024,04/03/2024,VT DE SÃO GONÇALO DO AMARANTE,Juiz Substituto
720,TACIANA ORLOVICIN GONÇALVES PITA,01/04/2024,16/04/2024,15a VT DE FORTALEZA,Juiz Vinculado
721,TACIANA ORLOVICIN GONÇALVES PITA,17/04/2024,06/05/2024,15a VT DE FORTALEZA,Juiz no Exercício da Titularidade
722,TACIANA ORLOVICIN GONÇALVES PITA,07/05/2024,08/05/2024,03a VT DA REGIÃO DO CARIRI,Juiz Substituto
723,TACIANA ORLOVICIN GONÇALVES PITA,09/05/2024,10/05/2024,15a VT DE FORTALEZA,Juiz Vinculado
724,TACIANA ORLOVICIN GONÇALVES PITA,11/05/2024,06/06/2024,VT DE QUIXADA,Juiz no Exercício da Titularidade
725,TACIANA ORLOVICIN GONÇALVES PITA,07/06/2024,20/06/2024,16a VT DE FORTALEZA,Juiz Vinculado
726,TACIANA ORLOVICIN GONÇALVES PITA,11/07/2024,30/07/2024,16a VT DE FORTALEZA,Juiz no Exercício da Titularidade
727,TACIANA ORLOVICIN GONÇALVES PITA,31/07/2024,31/07/2024,16a VT DE FORTALEZA,Juiz Vinculado
728,TACIANA ORLOVICIN GONÇALVES PITA,01/08/2024,31/08/2024,16a VT DE FORTALEZA,Juiz Vinculado
729,TACIANA ORLOVICIN GONÇALVES PITA,01/09/2024,23/09/2024,16a VT DE FORTALEZA,Juiz Vinculado
730,TACIANA ORLOVICIN GONÇALVES PITA,28/09/2024,30/09/2024,16a VT DE FORTALEZA,Juiz Vinculado
731,TACIANA ORLOVICIN GONÇALVES PITA,01/10/2024,31/10/2024,16a VT DE FORTALEZA,Juiz Vinculado
732,THEANNA DE ALENCAR BORGES,01/08/2024,04/08/2024,VT DE IGUATU,Juiz Substituto
733,THEANNA DE ALENCAR BORGES,05/08/2024,05/08/2024,05a VT DE FORTALEZA,Juiz Substituto
734,THEANNA DE ALENCAR BORGES,06/08/2024,07/08/2024,VT DE CRATEUS,Juiz Substituto
735,THEANNA DE ALENCAR BORGES,08/08/2024,08/08/2024,05a VT DE FORTALEZA,Juiz Substituto
736,THEANNA DE ALENCAR BORGES,09/08/2024,11/08/2024,VT DE CRATEUS,Juiz Substituto
737,THEANNA DE ALENCAR BORGES,12/08/2024,13/08/2024,01a VT DE FORTALEZA,Juiz Substituto
738,THEANNA DE ALENCAR BORGES,14/08/2024,14/08/2024,06a VT DE FORTALEZA,Juiz Substituto
739,THEANNA DE ALENCAR BORGES,15/08/2024,18/08/2024,VT DE TIANGUÁ,Juiz Substituto
740,THEANNA DE ALENCAR BORGES,19/08/2024,07/09/2024,03a VT DA REGIÃO DO CARIRI,Juiz no Exercício da Titularidade
741,THEANNA DE ALENCAR BORGES,08/09/2024,16/09/2024,VT DE PACAJUS,Juiz no Exercício da Titularidade
742,THEANNA DE ALENCAR BORGES,17/09/2024,17/09/2024,02a VT DE MARACANAÚ,Juiz Substituto
743,THEANNA DE ALENCAR BORGES,18/09/2024,21/09/2024,VT DE PACAJUS,Juiz no Exercício da Titularidade
744,THEANNA DE ALENCAR BORGES,19/09/2024,22/09/2024,11a VT DE FORTALEZA,Juiz Substituto
745,THEANNA DE ALENCAR BORGES,23/09/2024,27/09/2024,15a VT DE FORTALEZA,Juiz no Exercício da Titularidade
746,THEANNA DE ALENCAR BORGES,28/09/2024,30/09/2024,02a VT DE MARACANAÚ,Juiz Substituto
747,THEANNA DE ALENCAR BORGES,01/10/2024,06/10/2024,01a VT DE SOBRAL,Juiz Substituto
748,THEANNA DE ALENCAR BORGES,07/10/2024,11/10/2024,02a VT DA REGIÃO DO CARIRI,Juiz no Exercício da Titularidade
749,THEANNA DE ALENCAR BORGES,12/10/2024,14/10/2024,VT DE SÃO GONÇALO DO AMARANTE,Juiz Substituto
750,THEANNA DE ALENCAR BORGES,15/10/2024,15/10/2024,06a VT DE FORTALEZA,Juiz no Exercício da Titularidade
751,THEANNA DE ALENCAR BORGES,16/10/2024,20/10/2024,09a VT DE FORTALEZA,Juiz Substituto
752,THEANNA DE ALENCAR BORGES,21/10/2024,21/10/2024,VT DE SÃO GONÇALO DO AMARANTE,Juiz Substituto
753,THEANNA DE ALENCAR BORGES,21/10/2024,28/10/2024,VT DE LIMOEIRO DO NORTE,Juiz no Exercício da Titularidade
754,THEANNA DE ALENCAR BORGES,22/10/2024,27/10/2024,01a VT DE MARACANAÚ,Juiz Substituto
755,THEANNA DE ALENCAR BORGES,28/10/2024,28/10/2024,03a VT DE FORTALEZA,Juiz no Exercício da Titularidade
756,THEANNA DE ALENCAR BORGES,29/10/2024,31/10/2024,06a VT DE FORTALEZA,Juiz Substituto
757,THEANNA DE ALENCAR BORGES,30/10/2024,30/10/2024,03a VT DA REGIÃO DO CARIRI,Juiz no Exercício da Titularidade
758,THIAGO RABELO DA COSTA,01/08/2024,03/08/2024,03a VT DE FORTALEZA,Juiz Substituto
759,THIAGO RABELO DA COSTA,04/08/2024,12/08/2024,01a VT DE MARACANAÚ,Juiz Substituto
760,THIAGO RABELO DA COSTA,13/08/2024,14/08/2024,12a VT DE FORTALEZA,Juiz Substituto
761,THIAGO RABELO DA COSTA,15/08/2024,19/08/2024,VT DE SÃO GONÇALO DO AMARANTE,Juiz Substituto
762,THIAGO RABELO DA COSTA,20/08/2024,26/08/2024,14a VT DE FORTALEZA,Juiz Substituto
763,THIAGO RABELO DA COSTA,27/08/2024,31/08/2024,04a VT DE FORTALEZA,Juiz Substituto
764,THIAGO RABELO DA COSTA,01/09/2024,03/09/2024,VT DE SÃO GONÇALO DO AMARANTE,Juiz Substituto
765,THIAGO RABELO DA COSTA,02/09/2024,07/09/2024,VT DE PACAJUS,Juiz no Exercício da Titularidade
766,THIAGO RABELO DA COSTA,05/09/2024,05/09/2024,02a VT DE CAUCAIA,Juiz Substituto
767,THIAGO RABELO DA COSTA,08/09/2024,09/09/2024,VT DE SÃO GONÇALO DO AMARANTE,Juiz Substituto
768,THIAGO RABELO DA COSTA,10/09/2024,16/09/2024,04a VT DE FORTALEZA,Juiz Substituto
769,THIAGO RABELO DA COSTA,17/09/2024,17/09/2024,VT DE SÃO GONÇALO DO AMARANTE,Juiz Substituto
770,THIAGO RABELO DA COSTA,18/09/2024,19/09/2024,01a VT DA REGIÃO DO CARIRI,Juiz no Exercício da Titularidade
771,THIAGO RABELO DA COSTA,20/09/2024,20/09/2024,01a VT DA REGIÃO DO CARIRI,Juiz Substituto
772,THIAGO RABELO DA COSTA,21/09/2024,27/09/2024,04a VT DE FORTALEZA,Juiz Substituto
773,THIAGO RABELO DA COSTA,28/09/2024,04/10/2024,15a VT DE FORTALEZA,Juiz no Exercício da Titularidade
774,THIAGO RABELO DA COSTA,05/10/2024,06/10/2024,15a VT DE FORTALEZA,Juiz Substituto
775,THIAGO RABELO DA COSTA,07/10/2024,10/10/2024,01a VT DE SOBRAL,Juiz Substituto
776,THIAGO RABELO DA COSTA,31/10/2024,31/10/2024,01a VT DE SOBRAL,Juiz Substituto
777,TIAGO BRASIL PITA,07/01/2024,31/01/2024,02a VT DE MARACANAÚ,Juiz Vinculado
778,TIAGO BRASIL PITA,01/02/2024,27/02/2024,02a VT DE MARACANAÚ,Juiz Vinculado
779,TIAGO BRASIL PITA,19/02/2024,19/02/2024,17a VT DE FORTALEZA,Juiz Substituto
780,TIAGO BRASIL PITA,28/02/2024,01/03/2024,07a VT DE FORTALEZA,Juiz no Exercício da Titularidade
781,TIAGO BRASIL PITA,02/03/2024,31/03/2024,02a VT DE MARACANAÚ,Juiz Vinculado
782,TIAGO BRASIL PITA,01/04/2024,02/04/2024,02a VT DE MARACANAÚ,Juiz Vinculado
783,TIAGO BRASIL PITA,03/04/2024,22/04/2024,03a VT DA REGIÃO DO CARIRI,Juiz no Exercício da Titularidade
784,TIAGO BRASIL PITA,27/04/2024,02/05/2024,03a VT DA REGIÃO DO CARIRI,Juiz no Exercício da Titularidade
785,TIAGO BRASIL PITA,03/05/2024,31/05/2024,02a VT DE MARACANAÚ,Juiz Vinculado
786,TIAGO BRASIL PITA,23/05/2024,26/05/2024,03a VT DA REGIÃO DO CARIRI,Juiz no Exercício da Titularidade
787,TIAGO BRASIL PITA,01/06/2024,12/06/2024,02a VT DE MARACANAÚ,Juiz Vinculado
788,TIAGO BRASIL PITA,15/06/2024,18/06/2024,02a VT DE MARACANAÚ,Juiz Vinculado
789,TIAGO BRASIL PITA,11/07/2024,16/07/2024,02a VT DE MARACANAÚ,Juiz Vinculado
790,TIAGO BRASIL PITA,17/07/2024,05/08/2024,02a VT DE MARACANAÚ,Juiz no Exercício da Titularidade
791,TIAGO BRASIL PITA,06/08/2024,31/08/2024,02a VT DE MARACANAÚ,Juiz Vinculado
792,VLADIMIR PAES DE CASTRO,07/01/2024,27/01/2024,13a VT DE FORTALEZA,Juiz Vinculado
793,VLADIMIR PAES DE CASTRO,28/01/2024,04/02/2024,13a VT DE FORTALEZA,Juiz no Exercício da Titularidade
794,VLADIMIR PAES DE CASTRO,05/02/2024,29/02/2024,13a VT DE FORTALEZA,Juiz Vinculado
795,VLADIMIR PAES DE CASTRO,01/03/2024,17/03/2024,13a VT DE FORTALEZA,Juiz Vinculado
796,VLADIMIR PAES DE CASTRO,18/03/2024,22/03/2024,13a VT DE FORTALEZA,Juiz no Exercício da Titularidade
797,VLADIMIR PAES DE CASTRO,23/03/2024,31/03/2024,13a VT DE FORTALEZA,Juiz Vinculado
798,VLADIMIR PAES DE CASTRO,01/04/2024,11/04/2024,13a VT DE FORTALEZA,Juiz Vinculado
799,VLADIMIR PAES DE CASTRO,12/04/2024,12/04/2024,VT DE QUIXADA,Juiz no Exercício da Titularidade
800,VLADIMIR PAES DE CASTRO,13/04/2024,20/04/2024,13a VT DE FORTALEZA,Juiz Vinculado
801,VLADIMIR PAES DE CASTRO,21/04/2024,05/05/2024,VT DE QUIXADA,Juiz no Exercício da Titularidade
802,VLADIMIR PAES DE CASTRO,03/05/2024,03/05/2024,13a VT DE FORTALEZA,Juiz Vinculado
803,VLADIMIR PAES DE CASTRO,06/05/2024,04/06/2024,13a VT DE FORTALEZA,Juiz no Exercício da Titularidade
804,VLADIMIR PAES DE CASTRO,05/06/2024,09/06/2024,13a VT DE FORTALEZA,Juiz Vinculado
805,VLADIMIR PAES DE CASTRO,10/06/2024,10/06/2024,VT DE SÃO GONÇALO DO AMARANTE,Juiz Substituto
806,VLADIMIR PAES DE CASTRO,11/06/2024,16/06/2024,13a VT DE FORTALEZA,Juiz Vinculado
807,VLADIMIR PAES DE CASTRO,07/07/2024,16/07/2024,13a VT DE FORTALEZA,Juiz Vinculado
808,VLADIMIR PAES DE CASTRO,15/07/2024,17/07/2024,VT DE CRATEUS,Juiz no Exercício da Titularidade
809,VLADIMIR PAES DE CASTRO,18/07/2024,31/07/2024,13a VT DE FORTALEZA,Juiz Vinculado
810,VLADIMIR PAES DE CASTRO,01/08/2024,31/08/2024,13a VT DE FORTALEZA,Juiz Vinculado
811,VLADIMIR PAES DE CASTRO,01/09/2024,08/09/2024,13a VT DE FORTALEZA,Juiz Vinculado
812,VLADIMIR PAES DE CASTRO,09/09/2024,08/10/2024,13a VT DE FORTALEZA,Juiz no Exercício da Titularidade
813,VLADIMIR PAES DE CASTRO,09/10/2024,13/10/2024,13a VT DE FORTALEZA,Juiz no Exercício da Titularidade
